timestamp,lat,lon,TSURF,MIR,PRECTOT,SPEEDMAX,fire_count,timestep
2017-01-04 12:00:00,32.5,-123.75,270.60733,0.8,2.48e-05,6.996,-20.0,12
2017-01-04 12:00:00,32.5,-123.125,270.60733,0.8,3.475e-05,7.348,-20.0,12
2017-01-04 12:00:00,32.5,-122.5,270.60733,0.8,8.16e-05,7.906,-20.0,12
2017-01-04 12:00:00,32.5,-121.875,270.60733,0.8,8.523e-05,8.375,-20.0,12
2017-01-04 12:00:00,32.5,-121.25,270.60733,0.8,5.33e-05,8.04,-20.0,12
2017-01-04 12:00:00,32.5,-120.625,270.60733,0.8,4.536e-05,7.48,-20.0,12
2017-01-04 12:00:00,32.5,-120.0,270.60733,0.8,2.69e-05,6.94,-20.0,12
2017-01-04 12:00:00,32.5,-119.375,270.60733,0.8,1.633e-05,6.055,-20.0,12
2017-01-04 12:00:00,32.5,-118.75,289.87823,0.8,1.365e-05,4.45,-20.0,12
2017-01-04 12:00:00,32.5,-118.125,291.41766,0.8,5.1e-06,2.691,-20.0,12
2017-01-04 12:00:00,32.5,-117.5,288.43933,0.2114,2.4e-06,3.098,-20.0,12
2017-01-04 12:00:00,32.5,-116.875,286.55887,0.207,2e-07,4.895,-20.0,12
2017-01-04 12:00:00,32.5,-116.25,285.21838,0.1403,0.0,7.785,-20.0,12
2017-01-04 12:00:00,32.5,-115.625,290.44424,0.2231,0.0,5.773,-20.0,12
2017-01-04 12:00:00,32.5,-115.0,288.621,0.176,0.0,3.77,5.0,12
2017-01-04 12:00:00,32.5,-114.375,288.63596,0.148,0.0,3.135,-20.0,12
2017-01-04 12:00:00,32.5,-113.75,288.43127,0.1271,0.0,3.447,-20.0,12
2017-01-04 12:00:00,33.0,-123.75,270.60733,0.8,4.727e-05,7.777,-20.0,12
2017-01-04 12:00:00,33.0,-123.125,270.60733,0.8,5.376e-05,7.72,-20.0,12
2017-01-04 12:00:00,33.0,-122.5,270.60733,0.8,5.233e-05,8.26,-20.0,12
2017-01-04 12:00:00,33.0,-121.875,270.60733,0.8,5.835e-05,8.67,-20.0,12
2017-01-04 12:00:00,33.0,-121.25,270.60733,0.8,4.655e-05,8.61,-20.0,12
2017-01-04 12:00:00,33.0,-120.625,270.60733,0.8,4.83e-05,7.91,-20.0,12
2017-01-04 12:00:00,33.0,-120.0,270.60733,0.8,4.43e-05,7.22,-20.0,12
2017-01-04 12:00:00,33.0,-119.375,289.98334,0.1807,2.17e-05,6.223,-20.0,12
2017-01-04 12:00:00,33.0,-118.75,290.06805,0.2563,1.925e-05,4.65,-20.0,12
2017-01-04 12:00:00,33.0,-118.125,290.60397,0.1794,7.5e-06,2.814,-20.0,12
2017-01-04 12:00:00,33.0,-117.5,287.12762,0.2307,3.34e-06,3.348,-20.0,12
2017-01-04 12:00:00,33.0,-116.875,285.28915,0.2334,1.13e-06,7.273,-20.0,12
2017-01-04 12:00:00,33.0,-116.25,286.7746,0.1351,2e-07,8.22,-20.0,12
2017-01-04 12:00:00,33.0,-115.625,289.48032,0.2483,0.0,3.88,0.1111,12
2017-01-04 12:00:00,33.0,-115.0,288.33643,0.07043,0.0,4.26,-20.0,12
2017-01-04 12:00:00,33.0,-114.375,288.9273,0.0845,0.0,2.756,-20.0,12
2017-01-04 12:00:00,33.0,-113.75,288.86646,0.0799,0.0,4.043,-20.0,12
2017-01-04 12:00:00,33.5,-123.75,270.60733,0.8,4.7e-05,9.05,-20.0,12
2017-01-04 12:00:00,33.5,-123.125,270.60733,0.8,6.18e-05,8.79,-20.0,12
2017-01-04 12:00:00,33.5,-122.5,270.60733,0.8,6.91e-05,8.664,-20.0,12
2017-01-04 12:00:00,33.5,-121.875,270.60733,0.8,9.62e-05,9.055,-20.0,12
2017-01-04 12:00:00,33.5,-121.25,270.60733,0.8,8.16e-05,8.98,-20.0,12
2017-01-04 12:00:00,33.5,-120.625,287.82297,0.8,8.07e-05,8.336,-20.0,12
2017-01-04 12:00:00,33.5,-120.0,286.75256,0.8,9.173e-05,7.223,-20.0,12
2017-01-04 12:00:00,33.5,-119.375,289.98334,0.2032,7.635e-05,6.215,-20.0,12
2017-01-04 12:00:00,33.5,-118.75,289.73804,0.1356,2.92e-05,4.47,-20.0,12
2017-01-04 12:00:00,33.5,-118.125,288.69427,0.1879,1.43e-05,3.56,-20.0,12
2017-01-04 12:00:00,33.5,-117.5,285.89856,0.2301,1.365e-05,3.598,-20.0,12
2017-01-04 12:00:00,33.5,-116.875,282.70642,0.207,2.205e-05,6.414,-20.0,12
2017-01-04 12:00:00,33.5,-116.25,286.74722,0.11945,5.84e-06,5.664,-20.0,12
2017-01-04 12:00:00,33.5,-115.625,286.62238,0.05573,0.0,3.596,-20.0,12
2017-01-04 12:00:00,33.5,-115.0,287.31375,0.06836,0.0,4.69,-20.0,12
2017-01-04 12:00:00,33.5,-114.375,287.6507,0.1047,0.0,3.627,-20.0,12
2017-01-04 12:00:00,33.5,-113.75,286.9798,0.09314,0.0,4.39,-20.0,12
2017-01-04 12:00:00,34.0,-123.75,270.60733,0.8,4.42e-05,9.95,-20.0,12
2017-01-04 12:00:00,34.0,-123.125,270.60733,0.8,5.34e-05,9.82,-20.0,12
2017-01-04 12:00:00,34.0,-122.5,270.60733,0.8,0.0001005,9.58,-20.0,12
2017-01-04 12:00:00,34.0,-121.875,270.60733,0.8,0.0001052,9.5,-20.0,12
2017-01-04 12:00:00,34.0,-121.25,270.60733,0.8,0.00011307,9.5,-20.0,12
2017-01-04 12:00:00,34.0,-120.625,287.41428,0.8,0.0001853,8.89,-20.0,12
2017-01-04 12:00:00,34.0,-120.0,286.47546,0.2646,0.000306,7.094,-20.0,12
2017-01-04 12:00:00,34.0,-119.375,286.31488,0.2329,0.0002139,5.445,-20.0,12
2017-01-04 12:00:00,34.0,-118.75,286.0297,0.2269,0.0002487,4.785,-20.0,12
2017-01-04 12:00:00,34.0,-118.125,284.5249,0.2173,0.000164,4.56,-20.0,12
2017-01-04 12:00:00,34.0,-117.5,283.03476,0.223,5.13e-05,5.152,-20.0,12
2017-01-04 12:00:00,34.0,-116.875,281.5822,0.2065,4.774e-05,6.93,-20.0,12
2017-01-04 12:00:00,34.0,-116.25,283.80182,0.0853,1.436e-05,6.414,-20.0,12
2017-01-04 12:00:00,34.0,-115.625,285.40494,0.06027,0.0,4.176,-20.0,12
2017-01-04 12:00:00,34.0,-115.0,286.09442,0.0626,0.0,4.418,-20.0,12
2017-01-04 12:00:00,34.0,-114.375,286.57812,0.1062,0.0,4.14,-20.0,12
2017-01-04 12:00:00,34.0,-113.75,285.68106,0.07465,0.0,4.54,-20.0,12
2017-01-04 12:00:00,34.5,-123.75,270.60733,0.8,8.017e-05,10.79,-20.0,12
2017-01-04 12:00:00,34.5,-123.125,270.60733,0.8,6.14e-05,10.97,-20.0,12
2017-01-04 12:00:00,34.5,-122.5,270.60733,0.8,8.34e-05,10.86,-20.0,12
2017-01-04 12:00:00,34.5,-121.875,270.60733,0.8,9.09e-05,10.8,-20.0,12
2017-01-04 12:00:00,34.5,-121.25,286.53793,0.8,0.0001335,10.62,-20.0,12
2017-01-04 12:00:00,34.5,-120.625,286.32803,0.8,0.0003831,9.984,-20.0,12
2017-01-04 12:00:00,34.5,-120.0,284.5708,0.247,0.0007524,7.92,-20.0,12
2017-01-04 12:00:00,34.5,-119.375,282.10135,0.1974,0.0009685,6.0,-20.0,12
2017-01-04 12:00:00,34.5,-118.75,281.85544,0.1841,0.0003796,6.25,-20.0,12
2017-01-04 12:00:00,34.5,-118.125,281.20837,0.1263,0.0002393,7.332,-20.0,12
2017-01-04 12:00:00,34.5,-117.5,280.80753,0.1011,8.33e-05,7.97,-20.0,12
2017-01-04 12:00:00,34.5,-116.875,281.38974,0.09406,1.22e-05,9.22,-20.0,12
2017-01-04 12:00:00,34.5,-116.25,284.29684,0.06122,1.9e-06,7.215,-20.0,12
2017-01-04 12:00:00,34.5,-115.625,285.5235,0.05975,0.0,3.797,-20.0,12
2017-01-04 12:00:00,34.5,-115.0,284.33997,0.07227,0.0,5.41,-20.0,12
2017-01-04 12:00:00,34.5,-114.375,285.33447,0.06506,0.0,5.152,-20.0,12
2017-01-04 12:00:00,34.5,-113.75,284.32,0.0808,0.0,5.367,-20.0,12
2017-01-04 12:00:00,35.0,-123.75,270.60733,0.8,0.0002537,12.46,-20.0,12
2017-01-04 12:00:00,35.0,-123.125,270.60733,0.8,0.0001428,12.305,-20.0,12
2017-01-04 12:00:00,35.0,-122.5,270.60733,0.8,0.0001114,12.195,-20.0,12
2017-01-04 12:00:00,35.0,-121.875,287.9301,0.8,0.0001193,11.95,-20.0,12
2017-01-04 12:00:00,35.0,-121.25,286.82733,0.8,0.0002964,11.57,-20.0,12
2017-01-04 12:00:00,35.0,-120.625,285.84613,0.8,0.0007296,11.88,-20.0,12
2017-01-04 12:00:00,35.0,-120.0,283.54276,0.196,0.0007114,10.69,-20.0,12
2017-01-04 12:00:00,35.0,-119.375,282.67294,0.1887,0.0002484,9.766,-20.0,12
2017-01-04 12:00:00,35.0,-118.75,280.70026,0.2134,0.0001717,5.8,-20.0,12
2017-01-04 12:00:00,35.0,-118.125,279.69214,0.10596,0.0002179,9.16,-20.0,12
2017-01-04 12:00:00,35.0,-117.5,281.4303,0.0818,4.065e-05,10.9,-20.0,12
2017-01-04 12:00:00,35.0,-116.875,282.57336,0.08295,2.116e-05,11.17,-20.0,12
2017-01-04 12:00:00,35.0,-116.25,284.56958,0.0597,2.2e-06,7.65,-20.0,12
2017-01-04 12:00:00,35.0,-115.625,282.78714,0.08295,2.4e-06,4.887,-20.0,12
2017-01-04 12:00:00,35.0,-115.0,282.55762,0.08124,0.0,7.89,-20.0,12
2017-01-04 12:00:00,35.0,-114.375,284.0144,0.094,0.0,7.105,0.1111,12
2017-01-04 12:00:00,35.0,-113.75,281.6344,0.095,6e-08,7.715,-20.0,12
2017-01-04 12:00:00,35.5,-123.75,270.60733,0.8,0.00098,12.52,-20.0,12
2017-01-04 12:00:00,35.5,-123.125,270.60733,0.8,0.0007863,12.69,-20.0,12
2017-01-04 12:00:00,35.5,-122.5,270.60733,0.8,0.000619,13.06,-20.0,12
2017-01-04 12:00:00,35.5,-121.875,287.1795,0.8,0.0009646,12.74,-20.0,12
2017-01-04 12:00:00,35.5,-121.25,287.29895,0.2798,0.001391,12.38,-20.0,12
2017-01-04 12:00:00,35.5,-120.625,285.25107,0.2825,0.00131,11.8,-20.0,12
2017-01-04 12:00:00,35.5,-120.0,284.88397,0.262,0.000306,11.93,-20.0,12
2017-01-04 12:00:00,35.5,-119.375,285.83862,0.1443,0.000675,8.47,-20.0,12
2017-01-04 12:00:00,35.5,-118.75,280.54645,0.211,0.000765,4.766,-20.0,12
2017-01-04 12:00:00,35.5,-118.125,277.74945,0.1251,0.000576,9.71,-20.0,12
2017-01-04 12:00:00,35.5,-117.5,280.9687,0.0756,1.514e-05,12.586,-20.0,12
2017-01-04 12:00:00,35.5,-116.875,281.69116,0.07074,2.766e-05,12.12,-20.0,12
2017-01-04 12:00:00,35.5,-116.25,282.93756,0.0655,8.34e-06,8.32,-20.0,12
2017-01-04 12:00:00,35.5,-115.625,281.20697,0.0891,2.74e-06,9.08,-20.0,12
2017-01-04 12:00:00,35.5,-115.0,281.92786,0.089,0.0,10.24,-20.0,12
2017-01-04 12:00:00,35.5,-114.375,283.1019,0.09924,1e-07,8.64,-20.0,12
2017-01-04 12:00:00,35.5,-113.75,280.74826,0.0832,2.4e-07,9.52,-20.0,12
2017-01-04 12:00:00,36.0,-123.75,270.60733,0.8,0.001453,11.875,-20.0,12
2017-01-04 12:00:00,36.0,-123.125,270.60733,0.8,0.002148,12.23,-20.0,12
2017-01-04 12:00:00,36.0,-122.5,270.60733,0.8,0.002514,13.03,-20.0,12
2017-01-04 12:00:00,36.0,-121.875,286.1994,0.2046,0.004234,11.88,-20.0,12
2017-01-04 12:00:00,36.0,-121.25,285.2295,0.2174,0.004326,10.84,-20.0,12
2017-01-04 12:00:00,36.0,-120.625,285.01935,0.257,0.001417,12.72,-20.0,12
2017-01-04 12:00:00,36.0,-120.0,285.2545,0.176,0.0008025,11.07,-20.0,12
2017-01-04 12:00:00,36.0,-119.375,283.1497,0.2119,0.0052,9.98,-20.0,12
2017-01-04 12:00:00,36.0,-118.75,277.78555,0.2184,0.006424,4.94,-20.0,12
2017-01-04 12:00:00,36.0,-118.125,275.00958,0.1071,0.00224,12.06,-20.0,12
2017-01-04 12:00:00,36.0,-117.5,279.62524,0.0682,6.9e-06,12.41,-20.0,12
2017-01-04 12:00:00,36.0,-116.875,281.9345,0.0626,9.4e-06,10.625,-20.0,12
2017-01-04 12:00:00,36.0,-116.25,281.5152,0.0796,7.8e-06,8.45,-20.0,12
2017-01-04 12:00:00,36.0,-115.625,279.0626,0.1035,6.32e-05,10.68,-20.0,12
2017-01-04 12:00:00,36.0,-115.0,283.94556,0.0752,2.4e-07,10.93,-20.0,12
2017-01-04 12:00:00,36.0,-114.375,283.29114,0.0728,1e-07,8.32,-20.0,12
2017-01-04 12:00:00,36.0,-113.75,280.1482,0.0995,2.39e-05,9.52,-20.0,12
2017-01-04 12:00:00,36.5,-123.75,270.60733,0.8,0.001049,9.56,-20.0,12
2017-01-04 12:00:00,36.5,-123.125,270.60733,0.8,0.001991,11.91,-20.0,12
2017-01-04 12:00:00,36.5,-122.5,270.60733,0.8,0.003193,12.45,-20.0,12
2017-01-04 12:00:00,36.5,-121.875,286.43622,0.2319,0.004913,10.94,-20.0,12
2017-01-04 12:00:00,36.5,-121.25,284.9256,0.2324,0.003044,10.164,-20.0,12
2017-01-04 12:00:00,36.5,-120.625,285.4668,0.2244,0.001522,12.09,-20.0,12
2017-01-04 12:00:00,36.5,-120.0,284.43243,0.1131,0.005848,10.52,0.04254,12
2017-01-04 12:00:00,36.5,-119.375,279.91626,0.2737,0.011154,9.94,-20.0,12
2017-01-04 12:00:00,36.5,-118.75,273.9651,0.2747,0.01726,6.23,-20.0,12
2017-01-04 12:00:00,36.5,-118.125,273.76862,0.0694,0.000813,13.49,-20.0,12
2017-01-04 12:00:00,36.5,-117.5,279.7024,0.06018,6.7e-06,8.48,-20.0,12
2017-01-04 12:00:00,36.5,-116.875,281.0777,0.0543,1.76e-05,7.332,-20.0,12
2017-01-04 12:00:00,36.5,-116.25,279.7757,0.0857,3.44e-05,9.6,-20.0,12
2017-01-04 12:00:00,36.5,-115.625,276.75153,0.0904,0.0001721,11.21,-20.0,12
2017-01-04 12:00:00,36.5,-115.0,279.6631,0.08673,1.9e-06,7.805,-20.0,12
2017-01-04 12:00:00,36.5,-114.375,282.2697,0.0896,9.5e-07,7.633,-20.0,12
2017-01-04 12:00:00,36.5,-113.75,279.0895,0.11365,1.88e-05,10.125,-20.0,12
2017-01-04 12:00:00,37.0,-123.75,270.60733,0.8,0.001017,7.863,-20.0,12
2017-01-04 12:00:00,37.0,-123.125,270.60733,0.8,0.001415,9.45,-20.0,12
2017-01-04 12:00:00,37.0,-122.5,286.00638,0.2468,0.003141,11.77,-20.0,12
2017-01-04 12:00:00,37.0,-121.875,285.62485,0.294,0.005344,9.33,0.04254,12
2017-01-04 12:00:00,37.0,-121.25,285.4195,0.2861,0.004093,9.91,-20.0,12
2017-01-04 12:00:00,37.0,-120.625,285.4651,0.1741,0.003693,10.89,-20.0,12
2017-01-04 12:00:00,37.0,-120.0,281.90604,0.2065,0.01272,11.04,-20.0,12
2017-01-04 12:00:00,37.0,-119.375,275.65228,0.25,0.01666,8.26,-20.0,12
2017-01-04 12:00:00,37.0,-118.75,271.87164,0.1942,0.01219,12.35,-20.0,12
2017-01-04 12:00:00,37.0,-118.125,273.37082,0.07996,2.81e-05,9.91,-20.0,12
2017-01-04 12:00:00,37.0,-117.5,278.54877,0.06152,8.595e-05,4.918,-20.0,12
2017-01-04 12:00:00,37.0,-116.875,277.71936,0.0482,0.0001352,7.95,-20.0,12
2017-01-04 12:00:00,37.0,-116.25,276.6521,0.0,0.0003405,8.97,-20.0,12
2017-01-04 12:00:00,37.0,-115.625,277.06586,0.0813,0.0001144,9.46,-20.0,12
2017-01-04 12:00:00,37.0,-115.0,277.6473,0.07996,5.28e-05,5.08,-20.0,12
2017-01-04 12:00:00,37.0,-114.375,278.8755,0.0905,3.32e-05,5.855,-20.0,12
2017-01-04 12:00:00,37.0,-113.75,279.33514,0.0704,2.08e-05,8.164,-20.0,12
2017-01-04 12:00:00,37.5,-123.75,270.60733,0.8,0.00112,8.79,-20.0,12
2017-01-04 12:00:00,37.5,-123.125,283.3339,0.8,0.001273,7.887,-20.0,12
2017-01-04 12:00:00,37.5,-122.5,284.6378,0.2515,0.002369,9.19,-20.0,12
2017-01-04 12:00:00,37.5,-121.875,284.45892,0.2301,0.004166,10.82,-20.0,12
2017-01-04 12:00:00,37.5,-121.25,284.84787,0.2673,0.00515,10.875,-20.0,12
2017-01-04 12:00:00,37.5,-120.625,283.11804,0.0,0.009384,12.54,-20.0,12
2017-01-04 12:00:00,37.5,-120.0,276.23303,0.2053,0.01749,10.54,-20.0,12
2017-01-04 12:00:00,37.5,-119.375,272.53674,0.175,0.01793,10.55,-20.0,12
2017-01-04 12:00:00,37.5,-118.75,271.51816,0.0,0.001707,15.35,-20.0,12
2017-01-04 12:00:00,37.5,-118.125,272.4414,0.0,8.2e-06,8.95,-20.0,12
2017-01-04 12:00:00,37.5,-117.5,275.00357,0.0,8.12e-05,7.176,-20.0,12
2017-01-04 12:00:00,37.5,-116.875,275.602,0.0,0.0001429,9.45,-20.0,12
2017-01-04 12:00:00,37.5,-116.25,275.3584,0.0,0.0002856,9.88,-20.0,12
2017-01-04 12:00:00,37.5,-115.625,275.08533,0.08777,0.0002832,8.305,-20.0,12
2017-01-04 12:00:00,37.5,-115.0,275.84885,0.0891,0.0002259,6.816,-20.0,12
2017-01-04 12:00:00,37.5,-114.375,275.85437,0.1117,0.0004115,8.0,-20.0,12
2017-01-04 12:00:00,37.5,-113.75,275.0986,0.12103,0.0005913,8.69,-20.0,12
2017-01-04 12:00:00,38.0,-123.75,270.60733,0.8,0.001137,8.88,-20.0,12
2017-01-04 12:00:00,38.0,-123.125,282.76898,0.0,0.00111,7.723,-20.0,12
2017-01-04 12:00:00,38.0,-122.5,283.12277,0.2042,0.001875,6.54,-20.0,12
2017-01-04 12:00:00,38.0,-121.875,283.95355,0.2976,0.00326,8.01,-20.0,12
2017-01-04 12:00:00,38.0,-121.25,284.00897,0.0,0.00724,12.33,-20.0,12
2017-01-04 12:00:00,38.0,-120.625,278.5291,0.2214,0.01425,13.13,-20.0,12
2017-01-04 12:00:00,38.0,-120.0,273.8659,0.0,0.0184,11.914,-20.0,12
2017-01-04 12:00:00,38.0,-119.375,271.8596,0.0,0.006355,14.5,-20.0,12
2017-01-04 12:00:00,38.0,-118.75,272.89102,0.0,6.44e-06,14.79,-20.0,12
2017-01-04 12:00:00,38.0,-118.125,274.68866,0.0,7.397e-05,9.19,-20.0,12
2017-01-04 12:00:00,38.0,-117.5,275.78455,0.0,0.0001622,7.984,-20.0,12
2017-01-04 12:00:00,38.0,-116.875,275.66736,0.0,0.0002277,8.875,-20.0,12
2017-01-04 12:00:00,38.0,-116.25,276.08636,0.08185,0.0001043,10.05,-20.0,12
2017-01-04 12:00:00,38.0,-115.625,275.15668,0.08325,0.000243,9.01,-20.0,12
2017-01-04 12:00:00,38.0,-115.0,275.21924,0.08203,0.000299,9.2,-20.0,12
2017-01-04 12:00:00,38.0,-114.375,275.23846,0.0926,0.0004363,11.46,-20.0,12
2017-01-04 12:00:00,38.0,-113.75,275.45883,0.0,0.0001988,13.95,-20.0,12
2017-01-04 12:00:00,38.5,-123.75,282.1278,0.0,0.0009108,7.85,-20.0,12
2017-01-04 12:00:00,38.5,-123.125,281.3692,0.3042,0.001366,5.957,-20.0,12
2017-01-04 12:00:00,38.5,-122.5,281.42755,0.0,0.001928,6.297,-20.0,12
2017-01-04 12:00:00,38.5,-121.875,283.58054,-0.001047,0.003288,7.742,-20.0,12
2017-01-04 12:00:00,38.5,-121.25,282.55313,0.2039,0.011086,11.52,-20.0,12
2017-01-04 12:00:00,38.5,-120.625,275.73767,0.0,0.01715,13.42,-20.0,12
2017-01-04 12:00:00,38.5,-120.0,273.13885,0.0,0.01222,13.91,-20.0,12
2017-01-04 12:00:00,38.5,-119.375,273.81802,0.0,0.001622,16.14,-20.0,12
2017-01-04 12:00:00,38.5,-118.75,276.5117,0.0,5e-06,12.56,-20.0,12
2017-01-04 12:00:00,38.5,-118.125,276.58975,0.0,0.0002152,10.74,-20.0,12
2017-01-04 12:00:00,38.5,-117.5,274.74057,0.0,0.0007133,9.58,-20.0,12
2017-01-04 12:00:00,38.5,-116.875,273.68942,0.0,0.0007286,9.98,-20.0,12
2017-01-04 12:00:00,38.5,-116.25,275.0758,0.07007,0.000311,10.08,-20.0,12
2017-01-04 12:00:00,38.5,-115.625,275.66998,0.08545,0.0001543,10.02,-20.0,12
2017-01-04 12:00:00,38.5,-115.0,274.91434,0.0849,0.000519,9.75,-20.0,12
2017-01-04 12:00:00,38.5,-114.375,274.6729,0.0,0.000558,12.75,-20.0,12
2017-01-04 12:00:00,38.5,-113.75,275.45047,0.0,0.000122,14.08,-20.0,12
2017-01-04 12:00:00,39.0,-123.75,281.23526,0.0,0.0007095,5.754,-20.0,12
2017-01-04 12:00:00,39.0,-123.125,278.86188,0.0,0.000923,5.234,-20.0,12
2017-01-04 12:00:00,39.0,-122.5,280.30118,0.0,0.001156,7.574,0.2222,12
2017-01-04 12:00:00,39.0,-121.875,283.26215,0.0994,0.002932,8.57,-20.0,12
2017-01-04 12:00:00,39.0,-121.25,280.72852,0.1257,0.011925,9.64,-20.0,12
2017-01-04 12:00:00,39.0,-120.625,274.0652,0.0,0.01639,10.96,-20.0,12
2017-01-04 12:00:00,39.0,-120.0,273.1624,0.0,0.00638,13.82,-20.0,12
2017-01-04 12:00:00,39.0,-119.375,275.6131,0.0,0.000716,12.445,-20.0,12
2017-01-04 12:00:00,39.0,-118.75,275.63153,0.0,0.0008473,10.48,-20.0,12
2017-01-04 12:00:00,39.0,-118.125,275.90872,0.0,0.001549,11.18,-20.0,12
2017-01-04 12:00:00,39.0,-117.5,273.51727,0.0,0.002348,11.21,-20.0,12
2017-01-04 12:00:00,39.0,-116.875,272.30228,0.0,0.001211,11.984,-20.0,12
2017-01-04 12:00:00,39.0,-116.25,273.11288,0.0,0.0004816,12.266,-20.0,12
2017-01-04 12:00:00,39.0,-115.625,273.42004,0.0,0.000747,12.28,-20.0,12
2017-01-04 12:00:00,39.0,-115.0,273.4859,0.0,0.0006075,11.375,-20.0,12
2017-01-04 12:00:00,39.0,-114.375,273.80017,0.0,0.0004377,12.43,-20.0,12
2017-01-04 12:00:00,39.0,-113.75,275.51346,0.0,6.926e-05,13.48,-20.0,12
2017-01-04 12:00:00,39.5,-123.75,279.50693,0.0,0.000586,4.17,-20.0,12
2017-01-04 12:00:00,39.5,-123.125,275.7046,0.0,0.0008445,5.684,-20.0,12
2017-01-04 12:00:00,39.5,-122.5,279.3719,0.0,0.0003505,8.12,-20.0,12
2017-01-04 12:00:00,39.5,-121.875,282.60687,0.0,0.00293,9.27,-20.0,12
2017-01-04 12:00:00,39.5,-121.25,277.2201,0.0,0.01007,9.04,-20.0,12
2017-01-04 12:00:00,39.5,-120.625,273.1888,0.0,0.01079,9.49,-20.0,12
2017-01-04 12:00:00,39.5,-120.0,273.29172,0.0,0.003029,11.43,-20.0,12
2017-01-04 12:00:00,39.5,-119.375,275.4947,0.0,0.001924,10.375,-20.0,12
2017-01-04 12:00:00,39.5,-118.75,275.6969,0.0,0.002598,7.977,-20.0,12
2017-01-04 12:00:00,39.5,-118.125,275.3275,0.0,0.00462,11.36,-20.0,12
2017-01-04 12:00:00,39.5,-117.5,273.75104,0.0,0.004425,12.01,-20.0,12
2017-01-04 12:00:00,39.5,-116.875,272.59906,0.0,0.002836,12.18,-20.0,12
2017-01-04 12:00:00,39.5,-116.25,272.8739,0.0,0.001719,13.086,-20.0,12
2017-01-04 12:00:00,39.5,-115.625,272.5302,0.0,0.001791,11.66,-20.0,12
2017-01-04 12:00:00,39.5,-115.0,272.1721,0.0,0.001451,11.26,-20.0,12
2017-01-04 12:00:00,39.5,-114.375,272.6245,0.0,0.0005083,11.336,-20.0,12
2017-01-04 12:00:00,39.5,-113.75,274.4159,0.0,0.000121,10.84,-20.0,12
2017-01-04 12:00:00,40.0,-123.75,277.30194,0.0,0.000591,4.02,-20.0,12
2017-01-04 12:00:00,40.0,-123.125,273.93524,0.0,0.000655,5.957,-20.0,12
2017-01-04 12:00:00,40.0,-122.5,277.89496,0.0,0.0001297,6.08,-20.0,12
2017-01-04 12:00:00,40.0,-121.875,280.37213,0.0,0.003166,10.97,0.1111,12
2017-01-04 12:00:00,40.0,-121.25,273.74847,0.0,0.00795,9.69,-20.0,12
2017-01-04 12:00:00,40.0,-120.625,273.17154,0.0,0.00315,9.586,-20.0,12
2017-01-04 12:00:00,40.0,-120.0,273.68915,0.0,0.000999,9.95,-20.0,12
2017-01-04 12:00:00,40.0,-119.375,275.05142,0.0,0.001999,9.54,-20.0,12
2017-01-04 12:00:00,40.0,-118.75,274.77002,0.0,0.002777,7.69,-20.0,12
2017-01-04 12:00:00,40.0,-118.125,274.78302,0.0,0.004013,7.766,-20.0,12
2017-01-04 12:00:00,40.0,-117.5,274.21967,0.0,0.004745,9.65,-20.0,12
2017-01-04 12:00:00,40.0,-116.875,273.28436,0.0,0.004074,11.27,-20.0,12
2017-01-04 12:00:00,40.0,-116.25,272.48785,0.0,0.002968,12.586,-20.0,12
2017-01-04 12:00:00,40.0,-115.625,272.003,0.0,0.002937,12.24,-20.0,12
2017-01-04 12:00:00,40.0,-115.0,271.29315,0.0,0.001432,11.27,-20.0,12
2017-01-04 12:00:00,40.0,-114.375,272.6991,0.0,0.0003417,12.01,-20.0,12
2017-01-04 12:00:00,40.0,-113.75,273.95602,0.0,8.285e-05,10.33,-20.0,12
2017-01-04 12:00:00,40.5,-123.75,274.9749,0.0,0.000571,4.234,-20.0,12
2017-01-04 12:00:00,40.5,-123.125,273.3991,0.0,0.000411,5.28,-20.0,12
2017-01-04 12:00:00,40.5,-122.5,273.88373,0.0,3.26e-05,4.332,-20.0,12
2017-01-04 12:00:00,40.5,-121.875,275.4787,0.0,0.002588,10.06,-20.0,12
2017-01-04 12:00:00,40.5,-121.25,272.55765,0.0,0.00456,11.016,-20.0,12
2017-01-04 12:00:00,40.5,-120.625,272.98984,0.0,0.001368,10.79,-20.0,12
2017-01-04 12:00:00,40.5,-120.0,273.57587,0.0,0.001514,10.375,-20.0,12
2017-01-04 12:00:00,40.5,-119.375,274.1741,0.0,0.001717,9.45,-20.0,12
2017-01-04 12:00:00,40.5,-118.75,273.84918,0.0,0.00201,9.33,-20.0,12
2017-01-04 12:00:00,40.5,-118.125,273.97003,0.0,0.002548,8.055,-20.0,12
2017-01-04 12:00:00,40.5,-117.5,273.30542,0.0,0.002287,9.63,-20.0,12
2017-01-04 12:00:00,40.5,-116.875,273.39355,0.0,0.00227,10.27,-20.0,12
2017-01-04 12:00:00,40.5,-116.25,272.47934,0.0,0.002632,10.234,-20.0,12
2017-01-04 12:00:00,40.5,-115.625,271.91235,0.0,0.00233,12.05,-20.0,12
2017-01-04 12:00:00,40.5,-115.0,271.44388,0.0,0.0007553,13.195,-20.0,12
2017-01-04 12:00:00,40.5,-114.375,271.946,0.0,0.0001146,11.74,-20.0,12
2017-01-04 12:00:00,40.5,-113.75,273.36664,0.0,4.44e-05,9.76,-20.0,12
2017-01-04 12:00:00,41.0,-123.75,275.063,0.0,0.000787,4.36,-20.0,12
2017-01-04 12:00:00,41.0,-123.125,271.7103,0.0,0.0006957,5.848,-20.0,12
2017-01-04 12:00:00,41.0,-122.5,272.28186,0.0,0.00010526,4.367,-20.0,12
2017-01-04 12:00:00,41.0,-121.875,273.16833,0.0,0.0007596,8.44,-20.0,12
2017-01-04 12:00:00,41.0,-121.25,272.64948,0.0,0.001275,12.09,-20.0,12
2017-01-04 12:00:00,41.0,-120.625,271.80527,0.0,0.00132,12.15,-20.0,12
2017-01-04 12:00:00,41.0,-120.0,271.9094,0.0,0.001818,11.664,-20.0,12
2017-01-04 12:00:00,41.0,-119.375,272.28754,0.0,0.001572,10.26,-20.0,12
2017-01-04 12:00:00,41.0,-118.75,272.84082,0.0,0.001425,9.055,-20.0,12
2017-01-04 12:00:00,41.0,-118.125,273.19458,0.0,0.001694,9.305,-20.0,12
2017-01-04 12:00:00,41.0,-117.5,272.67236,0.0,0.0016775,9.35,-20.0,12
2017-01-04 12:00:00,41.0,-116.875,272.5133,0.0,0.00198,10.41,-20.0,12
2017-01-04 12:00:00,41.0,-116.25,271.77585,0.0,0.002346,11.31,-20.0,12
2017-01-04 12:00:00,41.0,-115.625,271.94946,0.0,0.001259,11.05,-20.0,12
2017-01-04 12:00:00,41.0,-115.0,271.58652,0.0,0.000929,11.84,-20.0,12
2017-01-04 12:00:00,41.0,-114.375,270.7603,0.0,0.0001031,9.07,-20.0,12
2017-01-04 12:00:00,41.0,-113.75,270.86044,0.0,5.734e-05,3.982,-20.0,12
2017-01-04 12:00:00,41.5,-123.75,273.78992,0.0,0.000965,5.33,-20.0,12
2017-01-04 12:00:00,41.5,-123.125,271.36707,0.0,0.0008006,6.133,-20.0,12
2017-01-04 12:00:00,41.5,-122.5,270.51392,0.0,0.00025,6.95,-20.0,12
2017-01-04 12:00:00,41.5,-121.875,270.66083,0.0,0.000478,7.914,-20.0,12
2017-01-04 12:00:00,41.5,-121.25,271.69525,0.0,0.000907,10.17,-20.0,12
2017-01-04 12:00:00,41.5,-120.625,271.40625,0.0,0.0009694,13.234,-20.0,12
2017-01-04 12:00:00,41.5,-120.0,270.8277,0.0,0.0008826,12.87,-20.0,12
2017-01-04 12:00:00,41.5,-119.375,270.73047,0.0,0.000998,13.016,-20.0,12
2017-01-04 12:00:00,41.5,-118.75,270.30023,0.0,0.001221,11.086,-20.0,12
2017-01-04 12:00:00,41.5,-118.125,271.75873,0.0,0.001821,9.33,-20.0,12
2017-01-04 12:00:00,41.5,-117.5,271.61646,0.0,0.002148,10.1,-20.0,12
2017-01-04 12:00:00,41.5,-116.875,271.5868,0.0,0.002314,11.46,-20.0,12
2017-01-04 12:00:00,41.5,-116.25,270.82855,0.0,0.002275,12.53,-20.0,12
2017-01-04 12:00:00,41.5,-115.625,270.60358,0.0,0.001419,11.914,-20.0,12
2017-01-04 12:00:00,41.5,-115.0,270.89227,0.0,0.0008597,9.72,-20.0,12
2017-01-04 12:00:00,41.5,-114.375,270.20416,0.0,0.000798,7.79,-20.0,12
2017-01-04 12:00:00,41.5,-113.75,268.99658,0.0,0.0005813,6.066,-20.0,12
2017-01-04 12:00:00,42.0,-123.75,272.75925,0.0,0.0008607,5.97,-20.0,12
2017-01-04 12:00:00,42.0,-123.125,270.94135,0.0,0.000684,5.914,-20.0,12
2017-01-04 12:00:00,42.0,-122.5,270.38983,0.0,0.000488,6.465,-20.0,12
2017-01-04 12:00:00,42.0,-121.875,269.74084,0.0,0.00052,7.953,-20.0,12
2017-01-04 12:00:00,42.0,-121.25,270.37158,0.0,0.000893,9.01,-20.0,12
2017-01-04 12:00:00,42.0,-120.625,270.19366,0.0,0.001809,9.234,-20.0,12
2017-01-04 12:00:00,42.0,-120.0,270.29623,0.0,0.001402,10.55,-20.0,12
2017-01-04 12:00:00,42.0,-119.375,270.2483,0.0,0.000868,12.836,-20.0,12
2017-01-04 12:00:00,42.0,-118.75,269.939,0.0,0.000578,10.82,-20.0,12
2017-01-04 12:00:00,42.0,-118.125,269.61914,0.0,0.00145,9.73,-20.0,12
2017-01-04 12:00:00,42.0,-117.5,269.92194,0.0,0.001506,10.67,-20.0,12
2017-01-04 12:00:00,42.0,-116.875,269.8452,0.0,0.001893,9.94,-20.0,12
2017-01-04 12:00:00,42.0,-116.25,269.29486,0.0,0.002697,9.484,-20.0,12
2017-01-04 12:00:00,42.0,-115.625,270.05994,0.0,0.001467,9.72,-20.0,12
2017-01-04 12:00:00,42.0,-115.0,269.56012,0.0,0.001505,9.12,-20.0,12
2017-01-04 12:00:00,42.0,-114.375,267.85696,0.0,0.001545,6.44,-20.0,12
2017-01-04 12:00:00,42.0,-113.75,266.35757,0.0,0.00157,7.074,-20.0,12
2017-01-05 00:00:00,32.5,-123.75,270.60733,0.8,2.223e-05,7.562,-20.0,24
2017-01-05 00:00:00,32.5,-123.125,270.60733,0.8,1.02e-05,7.164,-20.0,24
2017-01-05 00:00:00,32.5,-122.5,270.60733,0.8,4.3e-06,6.824,-20.0,24
2017-01-05 00:00:00,32.5,-121.875,270.60733,0.8,2.193e-05,6.945,-20.0,24
2017-01-05 00:00:00,32.5,-121.25,270.60733,0.8,5.376e-05,6.78,-20.0,24
2017-01-05 00:00:00,32.5,-120.625,270.60733,0.8,0.0001283,5.93,-20.0,24
2017-01-05 00:00:00,32.5,-120.0,270.60733,0.8,0.0003295,6.33,-20.0,24
2017-01-05 00:00:00,32.5,-119.375,270.60733,0.8,0.000476,6.18,-20.0,24
2017-01-05 00:00:00,32.5,-118.75,286.45395,0.8,0.0005193,5.47,-20.0,24
2017-01-05 00:00:00,32.5,-118.125,285.92877,0.8,0.0003173,4.406,-20.0,24
2017-01-05 00:00:00,32.5,-117.5,283.6412,0.2114,0.00011086,3.145,-20.0,24
2017-01-05 00:00:00,32.5,-116.875,281.63773,0.2087,4e-05,4.777,-20.0,24
2017-01-05 00:00:00,32.5,-116.25,281.09607,0.1407,5.3e-06,8.62,-20.0,24
2017-01-05 00:00:00,32.5,-115.625,284.7033,0.2247,4e-07,7.516,-20.0,24
2017-01-05 00:00:00,32.5,-115.0,282.89587,0.1768,0.0,4.207,4.11,24
2017-01-05 00:00:00,32.5,-114.375,282.46387,0.1482,0.0,4.816,-20.0,24
2017-01-05 00:00:00,32.5,-113.75,281.86707,0.1276,0.0,4.383,-20.0,24
2017-01-05 00:00:00,33.0,-123.75,270.60733,0.8,4.923e-05,9.02,-20.0,24
2017-01-05 00:00:00,33.0,-123.125,270.60733,0.8,4.33e-05,8.81,-20.0,24
2017-01-05 00:00:00,33.0,-122.5,270.60733,0.8,3.34e-05,8.54,-20.0,24
2017-01-05 00:00:00,33.0,-121.875,270.60733,0.8,2.635e-05,8.23,-20.0,24
2017-01-05 00:00:00,33.0,-121.25,270.60733,0.8,2.03e-05,7.824,-20.0,24
2017-01-05 00:00:00,33.0,-120.625,270.60733,0.8,1.52e-05,6.953,-20.0,24
2017-01-05 00:00:00,33.0,-120.0,270.60733,0.8,1.615e-05,6.5,-20.0,24
2017-01-05 00:00:00,33.0,-119.375,285.66714,0.1818,7.77e-05,6.305,-20.0,24
2017-01-05 00:00:00,33.0,-118.75,286.00946,0.2588,0.0001972,6.02,-20.0,24
2017-01-05 00:00:00,33.0,-118.125,285.58295,0.1807,0.0002513,4.637,-20.0,24
2017-01-05 00:00:00,33.0,-117.5,282.94324,0.2327,0.00010425,3.379,-20.0,24
2017-01-05 00:00:00,33.0,-116.875,281.62817,0.2347,7.665e-05,7.17,-20.0,24
2017-01-05 00:00:00,33.0,-116.25,283.00995,0.1365,1.264e-05,8.984,-20.0,24
2017-01-05 00:00:00,33.0,-115.625,284.81607,0.249,8.3e-07,6.17,0.5557,24
2017-01-05 00:00:00,33.0,-115.0,282.7561,0.07056,0.0,4.96,-20.0,24
2017-01-05 00:00:00,33.0,-114.375,283.0011,0.0846,0.0,5.734,-20.0,24
2017-01-05 00:00:00,33.0,-113.75,282.57288,0.0801,0.0,4.49,-20.0,24
2017-01-05 00:00:00,33.5,-123.75,270.60733,0.8,5.853e-05,9.945,-20.0,24
2017-01-05 00:00:00,33.5,-123.125,270.60733,0.8,7.18e-05,9.87,-20.0,24
2017-01-05 00:00:00,33.5,-122.5,270.60733,0.8,8.726e-05,9.61,-20.0,24
2017-01-05 00:00:00,33.5,-121.875,270.60733,0.8,9.733e-05,9.3,-20.0,24
2017-01-05 00:00:00,33.5,-121.25,270.60733,0.8,8.154e-05,8.74,-20.0,24
2017-01-05 00:00:00,33.5,-120.625,285.5608,0.8,0.0001222,8.23,-20.0,24
2017-01-05 00:00:00,33.5,-120.0,285.6958,0.8,9.24e-05,7.28,-20.0,24
2017-01-05 00:00:00,33.5,-119.375,285.66714,0.2057,0.0001098,6.863,-20.0,24
2017-01-05 00:00:00,33.5,-118.75,285.94766,0.1384,0.0002537,5.94,-20.0,24
2017-01-05 00:00:00,33.5,-118.125,284.80682,0.1902,0.0003579,4.754,-20.0,24
2017-01-05 00:00:00,33.5,-117.5,283.0681,0.2325,0.000329,4.395,-20.0,24
2017-01-05 00:00:00,33.5,-116.875,280.5866,0.2083,0.0002851,5.953,-20.0,24
2017-01-05 00:00:00,33.5,-116.25,281.89368,0.12036,5.37e-05,5.94,-20.0,24
2017-01-05 00:00:00,33.5,-115.625,281.48578,0.05566,7e-07,3.018,-20.0,24
2017-01-05 00:00:00,33.5,-115.0,282.19064,0.0685,1e-07,6.32,-20.0,24
2017-01-05 00:00:00,33.5,-114.375,282.0611,0.1049,0.0,6.24,-20.0,24
2017-01-05 00:00:00,33.5,-113.75,280.8443,0.09326,0.0,4.37,-20.0,24
2017-01-05 00:00:00,34.0,-123.75,270.60733,0.8,8.92e-05,10.41,-20.0,24
2017-01-05 00:00:00,34.0,-123.125,270.60733,0.8,0.0001075,10.41,-20.0,24
2017-01-05 00:00:00,34.0,-122.5,270.60733,0.8,0.000139,10.125,-20.0,24
2017-01-05 00:00:00,34.0,-121.875,270.60733,0.8,0.0001793,9.74,-20.0,24
2017-01-05 00:00:00,34.0,-121.25,270.60733,0.8,0.0002215,9.195,-20.0,24
2017-01-05 00:00:00,34.0,-120.625,285.5772,0.8,0.000453,8.45,-20.0,24
2017-01-05 00:00:00,34.0,-120.0,285.55637,0.2646,0.0007715,7.42,-20.0,24
2017-01-05 00:00:00,34.0,-119.375,285.8667,0.2335,0.000756,5.32,-20.0,24
2017-01-05 00:00:00,34.0,-118.75,284.55353,0.2245,0.001044,5.53,-20.0,24
2017-01-05 00:00:00,34.0,-118.125,282.9107,0.2185,0.0008974,4.79,-20.0,24
2017-01-05 00:00:00,34.0,-117.5,281.44366,0.2245,0.000504,5.086,-20.0,24
2017-01-05 00:00:00,34.0,-116.875,280.25494,0.2078,0.000401,7.29,-20.0,24
2017-01-05 00:00:00,34.0,-116.25,278.67987,0.0855,8.21e-05,6.418,-20.0,24
2017-01-05 00:00:00,34.0,-115.625,280.036,0.0604,8.3e-07,3.672,-20.0,24
2017-01-05 00:00:00,34.0,-115.0,280.75314,0.0626,2e-07,4.848,-20.0,24
2017-01-05 00:00:00,34.0,-114.375,281.03796,0.1062,0.0,5.22,-20.0,24
2017-01-05 00:00:00,34.0,-113.75,280.15048,0.07477,0.0,5.066,-20.0,24
2017-01-05 00:00:00,34.5,-123.75,270.60733,0.8,0.0001881,9.86,-20.0,24
2017-01-05 00:00:00,34.5,-123.125,270.60733,0.8,0.0001786,9.88,-20.0,24
2017-01-05 00:00:00,34.5,-122.5,270.60733,0.8,0.000205,9.984,-20.0,24
2017-01-05 00:00:00,34.5,-121.875,270.60733,0.8,0.0002737,9.61,-20.0,24
2017-01-05 00:00:00,34.5,-121.25,286.3329,0.8,0.0003622,9.25,-20.0,24
2017-01-05 00:00:00,34.5,-120.625,285.6735,0.8,0.0010805,8.13,-20.0,24
2017-01-05 00:00:00,34.5,-120.0,284.35144,0.2494,0.001833,6.527,-20.0,24
2017-01-05 00:00:00,34.5,-119.375,282.34827,0.1974,0.001987,5.152,-20.0,24
2017-01-05 00:00:00,34.5,-118.75,281.34888,0.1838,0.000748,5.902,-20.0,24
2017-01-05 00:00:00,34.5,-118.125,281.02206,0.1278,0.000654,7.65,-20.0,24
2017-01-05 00:00:00,34.5,-117.5,279.77835,0.10156,0.0003362,8.69,-20.0,24
2017-01-05 00:00:00,34.5,-116.875,279.56305,0.0944,0.000116,9.62,-20.0,24
2017-01-05 00:00:00,34.5,-116.25,279.26303,0.06122,2.46e-05,7.44,-20.0,24
2017-01-05 00:00:00,34.5,-115.625,279.78973,0.0598,6.6e-07,2.754,-20.0,24
2017-01-05 00:00:00,34.5,-115.0,279.27283,0.07227,2.4e-07,5.145,-20.0,24
2017-01-05 00:00:00,34.5,-114.375,279.4536,0.06525,0.0,4.758,-20.0,24
2017-01-05 00:00:00,34.5,-113.75,278.61935,0.08093,7e-07,4.703,-20.0,24
2017-01-05 00:00:00,35.0,-123.75,270.60733,0.8,0.0002229,9.68,-20.0,24
2017-01-05 00:00:00,35.0,-123.125,270.60733,0.8,0.0002487,10.1,-20.0,24
2017-01-05 00:00:00,35.0,-122.5,270.60733,0.8,0.000292,10.18,-20.0,24
2017-01-05 00:00:00,35.0,-121.875,285.97305,0.8,0.0003295,9.836,-20.0,24
2017-01-05 00:00:00,35.0,-121.25,286.27765,0.8,0.000784,9.734,-20.0,24
2017-01-05 00:00:00,35.0,-120.625,285.46597,0.8,0.001718,9.62,-20.0,24
2017-01-05 00:00:00,35.0,-120.0,283.32788,0.1992,0.001591,9.305,-20.0,24
2017-01-05 00:00:00,35.0,-119.375,281.7826,0.1887,0.000372,9.016,-20.0,24
2017-01-05 00:00:00,35.0,-118.75,279.9529,0.2131,0.0002148,6.824,-20.0,24
2017-01-05 00:00:00,35.0,-118.125,279.94525,0.10645,0.0003748,10.055,-20.0,24
2017-01-05 00:00:00,35.0,-117.5,280.2079,0.0818,4.196e-05,11.78,-20.0,24
2017-01-05 00:00:00,35.0,-116.875,280.15054,0.0831,2.12e-05,11.32,-20.0,24
2017-01-05 00:00:00,35.0,-116.25,279.3328,0.05975,4.7e-06,6.957,-20.0,24
2017-01-05 00:00:00,35.0,-115.625,278.7693,0.0832,2.04e-05,4.34,-20.0,24
2017-01-05 00:00:00,35.0,-115.0,278.89175,0.0815,2.6e-06,8.2,-20.0,24
2017-01-05 00:00:00,35.0,-114.375,278.7642,0.0941,1.13e-06,6.965,0.5557,24
2017-01-05 00:00:00,35.0,-113.75,277.07715,0.0951,5e-06,6.36,-20.0,24
2017-01-05 00:00:00,35.5,-123.75,270.60733,0.8,0.0002145,7.125,-20.0,24
2017-01-05 00:00:00,35.5,-123.125,270.60733,0.8,0.000302,9.37,-20.0,24
2017-01-05 00:00:00,35.5,-122.5,270.60733,0.8,0.0003657,10.55,-20.0,24
2017-01-05 00:00:00,35.5,-121.875,285.6007,0.8,0.0007367,10.05,-20.0,24
2017-01-05 00:00:00,35.5,-121.25,285.76932,0.2817,0.001824,9.805,-20.0,24
2017-01-05 00:00:00,35.5,-120.625,284.94522,0.284,0.0019455,10.11,-20.0,24
2017-01-05 00:00:00,35.5,-120.0,284.43573,0.2646,0.0006933,10.81,-20.0,24
2017-01-05 00:00:00,35.5,-119.375,283.8775,0.1442,0.001055,9.4,-20.0,24
2017-01-05 00:00:00,35.5,-118.75,280.8464,0.211,0.002754,6.92,-20.0,24
2017-01-05 00:00:00,35.5,-118.125,278.41913,0.1254,0.001882,10.42,-20.0,24
2017-01-05 00:00:00,35.5,-117.5,279.58026,0.0757,1.746e-05,11.13,-20.0,24
2017-01-05 00:00:00,35.5,-116.875,280.2404,0.0707,2.944e-05,11.93,-20.0,24
2017-01-05 00:00:00,35.5,-116.25,279.1867,0.0656,8e-06,8.88,-20.0,24
2017-01-05 00:00:00,35.5,-115.625,279.5154,0.0891,8.4e-05,9.16,-20.0,24
2017-01-05 00:00:00,35.5,-115.0,279.01288,0.08887,1.04e-05,10.76,-20.0,24
2017-01-05 00:00:00,35.5,-114.375,278.31613,0.0989,1e-06,9.23,-20.0,24
2017-01-05 00:00:00,35.5,-113.75,276.9238,0.0834,5.2e-06,8.88,-20.0,24
2017-01-05 00:00:00,36.0,-123.75,270.60733,0.8,0.0001514,6.84,-20.0,24
2017-01-05 00:00:00,36.0,-123.125,270.60733,0.8,0.0002146,6.598,-20.0,24
2017-01-05 00:00:00,36.0,-122.5,270.60733,0.8,0.0004168,7.094,-20.0,24
2017-01-05 00:00:00,36.0,-121.875,284.37918,0.2104,0.001459,8.5,-20.0,24
2017-01-05 00:00:00,36.0,-121.25,284.45752,0.2179,0.001995,8.7,-20.0,24
2017-01-05 00:00:00,36.0,-120.625,284.48447,0.2556,0.001316,10.42,-20.0,24
2017-01-05 00:00:00,36.0,-120.0,285.09415,0.1786,0.000936,9.93,-20.0,24
2017-01-05 00:00:00,36.0,-119.375,282.55475,0.2115,0.005905,8.65,-20.0,24
2017-01-05 00:00:00,36.0,-118.75,278.31076,0.2198,0.01126,5.336,-20.0,24
2017-01-05 00:00:00,36.0,-118.125,274.39682,0.1065,0.003815,11.664,-20.0,24
2017-01-05 00:00:00,36.0,-117.5,276.89484,0.0679,1.21e-05,10.87,-20.0,24
2017-01-05 00:00:00,36.0,-116.875,279.29663,0.0626,9.06e-06,10.83,-20.0,24
2017-01-05 00:00:00,36.0,-116.25,279.18005,0.0797,1.377e-05,9.22,-20.0,24
2017-01-05 00:00:00,36.0,-115.625,278.90826,0.10284,0.000258,11.336,-20.0,24
2017-01-05 00:00:00,36.0,-115.0,279.57098,0.0752,1.5e-06,9.97,-20.0,24
2017-01-05 00:00:00,36.0,-114.375,278.9834,0.0728,1.55e-06,9.54,-20.0,24
2017-01-05 00:00:00,36.0,-113.75,277.17834,0.099,0.0001704,9.41,-20.0,24
2017-01-05 00:00:00,36.5,-123.75,270.60733,0.8,0.0001419,7.414,-20.0,24
2017-01-05 00:00:00,36.5,-123.125,270.60733,0.8,0.0001612,6.953,-20.0,24
2017-01-05 00:00:00,36.5,-122.5,270.60733,0.8,0.0002446,6.773,-20.0,24
2017-01-05 00:00:00,36.5,-121.875,283.82162,0.2316,0.001289,5.797,-20.0,24
2017-01-05 00:00:00,36.5,-121.25,283.3639,0.2338,0.001617,7.91,-20.0,24
2017-01-05 00:00:00,36.5,-120.625,283.89062,0.2234,0.0009384,9.13,-20.0,24
2017-01-05 00:00:00,36.5,-120.0,284.42178,0.1189,0.003473,9.04,-20.0,24
2017-01-05 00:00:00,36.5,-119.375,278.58124,0.275,0.01204,8.57,-20.0,24
2017-01-05 00:00:00,36.5,-118.75,273.41437,0.2737,0.02142,6.63,-20.0,24
2017-01-05 00:00:00,36.5,-118.125,273.4347,0.06934,0.001015,13.13,-20.0,24
2017-01-05 00:00:00,36.5,-117.5,275.55136,0.0597,1.8e-06,8.19,-20.0,24
2017-01-05 00:00:00,36.5,-116.875,277.5697,0.05423,1.484e-05,8.33,-20.0,24
2017-01-05 00:00:00,36.5,-116.25,278.93372,0.0847,0.00011414,10.55,-20.0,24
2017-01-05 00:00:00,36.5,-115.625,277.0065,0.08954,0.0003233,10.26,-20.0,24
2017-01-05 00:00:00,36.5,-115.0,276.64636,0.08655,8.7e-06,7.227,-20.0,24
2017-01-05 00:00:00,36.5,-114.375,279.72705,0.08997,2.456e-05,10.375,-20.0,24
2017-01-05 00:00:00,36.5,-113.75,278.38525,0.113,0.0001945,10.91,-20.0,24
2017-01-05 00:00:00,37.0,-123.75,270.60733,0.8,0.00011516,8.27,-20.0,24
2017-01-05 00:00:00,37.0,-123.125,270.60733,0.8,0.0001589,7.348,-20.0,24
2017-01-05 00:00:00,37.0,-122.5,282.2635,0.2595,0.0003164,6.617,-20.0,24
2017-01-05 00:00:00,37.0,-121.875,281.8484,0.2947,0.000981,4.176,-20.0,24
2017-01-05 00:00:00,37.0,-121.25,282.51422,0.2856,0.001799,7.168,-20.0,24
2017-01-05 00:00:00,37.0,-120.625,284.01514,0.1831,0.00222,8.4,-20.0,24
2017-01-05 00:00:00,37.0,-120.0,282.02835,0.2173,0.008286,7.797,-20.0,24
2017-01-05 00:00:00,37.0,-119.375,275.08322,0.25,0.01726,6.36,-20.0,24
2017-01-05 00:00:00,37.0,-118.75,273.14505,0.1943,0.014336,12.5,-20.0,24
2017-01-05 00:00:00,37.0,-118.125,272.85974,0.07983,2.897e-05,9.805,-20.0,24
2017-01-05 00:00:00,37.0,-117.5,273.50983,0.0605,1.05e-05,5.31,-20.0,24
2017-01-05 00:00:00,37.0,-116.875,275.59863,0.0486,0.00011116,7.63,-20.0,24
2017-01-05 00:00:00,37.0,-116.25,276.7427,0.0,0.000341,10.1,-20.0,24
2017-01-05 00:00:00,37.0,-115.625,276.01193,0.0813,0.0001559,9.16,-20.0,24
2017-01-05 00:00:00,37.0,-115.0,275.64743,0.0798,4.07e-05,5.84,-20.0,24
2017-01-05 00:00:00,37.0,-114.375,277.84265,0.0906,8.98e-05,8.195,-20.0,24
2017-01-05 00:00:00,37.0,-113.75,278.9555,0.07404,0.0002341,9.64,-20.0,24
2017-01-05 00:00:00,37.5,-123.75,270.60733,0.8,4.345e-05,9.29,-20.0,24
2017-01-05 00:00:00,37.5,-123.125,280.80832,0.8,8.99e-05,8.06,-20.0,24
2017-01-05 00:00:00,37.5,-122.5,280.94528,0.253,0.0002432,5.242,-20.0,24
2017-01-05 00:00:00,37.5,-121.875,280.33893,0.2355,0.0008,4.004,-20.0,24
2017-01-05 00:00:00,37.5,-121.25,281.16754,0.2605,0.001371,6.637,-20.0,24
2017-01-05 00:00:00,37.5,-120.625,281.72037,0.0,0.002693,5.95,-20.0,24
2017-01-05 00:00:00,37.5,-120.0,276.17828,0.2158,0.008446,7.234,-20.0,24
2017-01-05 00:00:00,37.5,-119.375,273.34503,0.1841,0.0134,10.98,-20.0,24
2017-01-05 00:00:00,37.5,-118.75,273.07065,0.0,0.002186,16.27,-20.0,24
2017-01-05 00:00:00,37.5,-118.125,271.61627,0.0,1e-06,9.54,-20.0,24
2017-01-05 00:00:00,37.5,-117.5,271.35297,0.0,4.58e-05,7.242,-20.0,24
2017-01-05 00:00:00,37.5,-116.875,273.72238,0.0,0.0001201,9.19,-20.0,24
2017-01-05 00:00:00,37.5,-116.25,274.2915,0.0,0.0002391,9.375,-20.0,24
2017-01-05 00:00:00,37.5,-115.625,274.10376,0.0877,0.0002968,9.07,-20.0,24
2017-01-05 00:00:00,37.5,-115.0,274.68073,0.0891,0.0001512,7.652,-20.0,24
2017-01-05 00:00:00,37.5,-114.375,274.75214,0.11163,0.000636,8.22,-20.0,24
2017-01-05 00:00:00,37.5,-113.75,274.29742,0.12067,0.001976,8.875,-20.0,24
2017-01-05 00:00:00,38.0,-123.75,270.60733,0.8,2.07e-05,9.85,-20.0,24
2017-01-05 00:00:00,38.0,-123.125,279.39465,0.0,3.517e-05,8.15,-20.0,24
2017-01-05 00:00:00,38.0,-122.5,279.61212,0.2076,0.0002537,5.387,-20.0,24
2017-01-05 00:00:00,38.0,-121.875,280.14282,0.3005,0.0007753,4.586,-20.0,24
2017-01-05 00:00:00,38.0,-121.25,280.66602,0.0,0.001386,5.29,-20.0,24
2017-01-05 00:00:00,38.0,-120.625,277.5141,0.2329,0.003578,4.145,-20.0,24
2017-01-05 00:00:00,38.0,-120.0,273.8061,0.0,0.00871,7.168,-20.0,24
2017-01-05 00:00:00,38.0,-119.375,273.16003,0.0,0.004143,14.72,-20.0,24
2017-01-05 00:00:00,38.0,-118.75,272.71057,0.0,1.4e-05,12.96,-20.0,24
2017-01-05 00:00:00,38.0,-118.125,271.01562,0.0,0.0001961,7.87,-20.0,24
2017-01-05 00:00:00,38.0,-117.5,271.65182,0.0,0.0004745,8.305,-20.0,24
2017-01-05 00:00:00,38.0,-116.875,272.69403,0.0,0.0007963,8.84,-20.0,24
2017-01-05 00:00:00,38.0,-116.25,273.28656,0.0818,0.0004063,9.33,-20.0,24
2017-01-05 00:00:00,38.0,-115.625,273.04663,0.0832,0.000497,8.87,-20.0,24
2017-01-05 00:00:00,38.0,-115.0,273.1803,0.08203,0.0003865,9.12,-20.0,24
2017-01-05 00:00:00,38.0,-114.375,273.31808,0.0926,0.000874,9.875,-20.0,24
2017-01-05 00:00:00,38.0,-113.75,273.07495,0.0,0.00055,11.2,-20.0,24
2017-01-05 00:00:00,38.5,-123.75,277.4255,0.0,6.14e-06,9.875,-20.0,24
2017-01-05 00:00:00,38.5,-123.125,276.84348,0.3198,5.35e-05,7.312,-20.0,24
2017-01-05 00:00:00,38.5,-122.5,276.617,0.0,0.000307,5.633,-20.0,24
2017-01-05 00:00:00,38.5,-121.875,278.75928,-0.001102,0.0008817,4.594,-20.0,24
2017-01-05 00:00:00,38.5,-121.25,278.9994,0.2144,0.001675,4.473,-20.0,24
2017-01-05 00:00:00,38.5,-120.625,274.8419,0.0,0.003983,4.777,-20.0,24
2017-01-05 00:00:00,38.5,-120.0,273.169,0.0,0.005474,8.21,-20.0,24
2017-01-05 00:00:00,38.5,-119.375,272.3203,0.0,0.000951,11.59,-20.0,24
2017-01-05 00:00:00,38.5,-118.75,271.18594,0.0,0.0001212,9.266,-20.0,24
2017-01-05 00:00:00,38.5,-118.125,271.09454,0.0,0.001108,8.72,-20.0,24
2017-01-05 00:00:00,38.5,-117.5,270.7749,0.0,0.001831,9.38,-20.0,24
2017-01-05 00:00:00,38.5,-116.875,270.8407,0.0,0.002512,10.3,-20.0,24
2017-01-05 00:00:00,38.5,-116.25,271.4814,0.07007,0.001766,10.38,-20.0,24
2017-01-05 00:00:00,38.5,-115.625,272.08774,0.08545,0.001682,10.96,-20.0,24
2017-01-05 00:00:00,38.5,-115.0,272.14905,0.0849,0.002068,10.29,-20.0,24
2017-01-05 00:00:00,38.5,-114.375,272.2619,0.0,0.001976,10.73,-20.0,24
2017-01-05 00:00:00,38.5,-113.75,271.8452,0.0,0.00149,9.93,-20.0,24
2017-01-05 00:00:00,39.0,-123.75,276.50943,0.0,1.1e-06,7.99,-20.0,24
2017-01-05 00:00:00,39.0,-123.125,274.04626,0.0,2.754e-05,6.21,-20.0,24
2017-01-05 00:00:00,39.0,-122.5,274.39926,0.0,0.0001745,6.1,1.111,24
2017-01-05 00:00:00,39.0,-121.875,277.79132,0.10455,0.0006227,4.164,-20.0,24
2017-01-05 00:00:00,39.0,-121.25,277.36664,0.1322,0.0013,4.406,-20.0,24
2017-01-05 00:00:00,39.0,-120.625,273.17303,0.0,0.00351,5.086,-20.0,24
2017-01-05 00:00:00,39.0,-120.0,272.9837,0.0,0.002625,7.98,-20.0,24
2017-01-05 00:00:00,39.0,-119.375,270.49512,0.0,0.0007305,9.13,-20.0,24
2017-01-05 00:00:00,39.0,-118.75,271.37018,0.0,0.002117,10.22,-20.0,24
2017-01-05 00:00:00,39.0,-118.125,270.7869,0.0,0.001978,9.445,-20.0,24
2017-01-05 00:00:00,39.0,-117.5,269.7591,0.0,0.002438,10.35,-20.0,24
2017-01-05 00:00:00,39.0,-116.875,269.20062,0.0,0.002146,12.25,-20.0,24
2017-01-05 00:00:00,39.0,-116.25,270.19104,0.0,0.001864,12.93,-20.0,24
2017-01-05 00:00:00,39.0,-115.625,270.39423,0.0,0.002735,13.48,-20.0,24
2017-01-05 00:00:00,39.0,-115.0,270.42303,0.0,0.002392,13.66,-20.0,24
2017-01-05 00:00:00,39.0,-114.375,270.4286,0.0,0.002022,13.695,-20.0,24
2017-01-05 00:00:00,39.0,-113.75,270.8366,0.0,0.0016775,12.21,-20.0,24
2017-01-05 00:00:00,39.5,-123.75,275.26807,0.0,1.2e-06,6.004,-20.0,24
2017-01-05 00:00:00,39.5,-123.125,270.31342,0.0,4.756e-05,5.195,-20.0,24
2017-01-05 00:00:00,39.5,-122.5,273.44916,0.0,3.07e-05,7.766,-20.0,24
2017-01-05 00:00:00,39.5,-121.875,277.3965,0.0,0.0002127,5.207,-20.0,24
2017-01-05 00:00:00,39.5,-121.25,274.07797,0.0,0.001023,4.566,-20.0,24
2017-01-05 00:00:00,39.5,-120.625,272.0583,0.0,0.002743,5.207,-20.0,24
2017-01-05 00:00:00,39.5,-120.0,269.59613,0.0,0.001686,7.535,-20.0,24
2017-01-05 00:00:00,39.5,-119.375,270.52588,0.0,0.0024,7.707,-20.0,24
2017-01-05 00:00:00,39.5,-118.75,270.99292,0.0,0.002045,6.24,-20.0,24
2017-01-05 00:00:00,39.5,-118.125,270.53998,0.0,0.002396,4.383,-20.0,24
2017-01-05 00:00:00,39.5,-117.5,269.18533,0.0,0.002403,7.074,-20.0,24
2017-01-05 00:00:00,39.5,-116.875,268.311,0.0,0.001898,9.13,-20.0,24
2017-01-05 00:00:00,39.5,-116.25,268.44223,0.0,0.001755,9.85,-20.0,24
2017-01-05 00:00:00,39.5,-115.625,268.59167,0.0,0.002165,12.77,-20.0,24
2017-01-05 00:00:00,39.5,-115.0,268.33466,0.0,0.001873,12.94,-20.0,24
2017-01-05 00:00:00,39.5,-114.375,269.4135,0.0,0.001413,13.54,-20.0,24
2017-01-05 00:00:00,39.5,-113.75,270.4287,0.0,0.001067,12.01,-20.0,24
2017-01-05 00:00:00,40.0,-123.75,271.59094,0.0,1.3e-06,4.336,-20.0,24
2017-01-05 00:00:00,40.0,-123.125,268.2993,0.0,6.36e-05,3.389,-20.0,24
2017-01-05 00:00:00,40.0,-122.5,271.31412,0.0,2.164e-05,9.05,-20.0,24
2017-01-05 00:00:00,40.0,-121.875,273.54437,0.0,5.47e-05,7.07,0.5557,24
2017-01-05 00:00:00,40.0,-121.25,271.34454,0.0,0.000874,4.453,-20.0,24
2017-01-05 00:00:00,40.0,-120.625,269.9256,0.0,0.001891,5.707,-20.0,24
2017-01-05 00:00:00,40.0,-120.0,267.91986,0.0,0.001558,5.465,-20.0,24
2017-01-05 00:00:00,40.0,-119.375,269.74814,0.0,0.00229,6.164,-20.0,24
2017-01-05 00:00:00,40.0,-118.75,270.40286,0.0,0.00201,6.215,-20.0,24
2017-01-05 00:00:00,40.0,-118.125,270.62277,0.0,0.0023,5.863,-20.0,24
2017-01-05 00:00:00,40.0,-117.5,269.7683,0.0,0.002434,6.082,-20.0,24
2017-01-05 00:00:00,40.0,-116.875,268.21286,0.0,0.002047,6.316,-20.0,24
2017-01-05 00:00:00,40.0,-116.25,266.40762,0.0,0.001748,7.613,-20.0,24
2017-01-05 00:00:00,40.0,-115.625,265.90234,0.0,0.002165,7.945,-20.0,24
2017-01-05 00:00:00,40.0,-115.0,265.0949,0.0,0.001825,9.414,-20.0,24
2017-01-05 00:00:00,40.0,-114.375,268.73553,0.0,0.001448,10.72,-20.0,24
2017-01-05 00:00:00,40.0,-113.75,269.8059,0.0,0.001078,10.234,-20.0,24
2017-01-05 00:00:00,40.5,-123.75,266.98584,0.0,3.93e-06,3.365,-20.0,24
2017-01-05 00:00:00,40.5,-123.125,264.1266,0.0,1.1e-05,3.54,-20.0,24
2017-01-05 00:00:00,40.5,-122.5,267.2152,0.0,3.76e-06,6.574,-20.0,24
2017-01-05 00:00:00,40.5,-121.875,267.32712,0.0,4.05e-06,7.562,-20.0,24
2017-01-05 00:00:00,40.5,-121.25,261.5143,0.0,0.0002384,5.414,-20.0,24
2017-01-05 00:00:00,40.5,-120.625,264.93912,0.0,0.000843,6.695,-20.0,24
2017-01-05 00:00:00,40.5,-120.0,267.0105,0.0,0.001362,6.234,-20.0,24
2017-01-05 00:00:00,40.5,-119.375,268.59692,0.0,0.001274,5.625,-20.0,24
2017-01-05 00:00:00,40.5,-118.75,269.00647,0.0,0.001306,6.734,-20.0,24
2017-01-05 00:00:00,40.5,-118.125,269.22723,0.0,0.001634,5.82,-20.0,24
2017-01-05 00:00:00,40.5,-117.5,268.17816,0.0,0.001692,5.496,-20.0,24
2017-01-05 00:00:00,40.5,-116.875,268.1162,0.0,0.00144,6.785,-20.0,24
2017-01-05 00:00:00,40.5,-116.25,265.0318,0.0,0.001415,8.53,-20.0,24
2017-01-05 00:00:00,40.5,-115.625,264.70367,0.0,0.001493,10.02,-20.0,24
2017-01-05 00:00:00,40.5,-115.0,264.79892,0.0,0.001034,10.68,-20.0,24
2017-01-05 00:00:00,40.5,-114.375,266.50275,0.0,0.0008492,11.44,-20.0,24
2017-01-05 00:00:00,40.5,-113.75,268.8781,0.0,0.0008693,10.89,-20.0,24
2017-01-05 00:00:00,41.0,-123.75,265.5918,0.0,5e-06,4.008,-20.0,24
2017-01-05 00:00:00,41.0,-123.125,258.3568,0.0,1.407e-05,4.05,-20.0,24
2017-01-05 00:00:00,41.0,-122.5,260.72183,0.0,8.64e-06,6.63,-20.0,24
2017-01-05 00:00:00,41.0,-121.875,262.9301,0.0,1.6e-06,6.92,-20.0,24
2017-01-05 00:00:00,41.0,-121.25,256.26276,0.0,5.5e-06,6.492,-20.0,24
2017-01-05 00:00:00,41.0,-120.625,254.30238,0.0,2.45e-05,6.81,-20.0,24
2017-01-05 00:00:00,41.0,-120.0,259.58676,0.0,0.000171,9.164,-20.0,24
2017-01-05 00:00:00,41.0,-119.375,264.38904,0.0,0.0003972,8.58,-20.0,24
2017-01-05 00:00:00,41.0,-118.75,266.91333,0.0,0.0005527,7.023,-20.0,24
2017-01-05 00:00:00,41.0,-118.125,266.09357,0.0,0.0004692,6.56,-20.0,24
2017-01-05 00:00:00,41.0,-117.5,265.37988,0.0,0.0006657,7.84,-20.0,24
2017-01-05 00:00:00,41.0,-116.875,264.61478,0.0,0.0008106,9.86,-20.0,24
2017-01-05 00:00:00,41.0,-116.25,263.16156,0.0,0.001107,11.43,-20.0,24
2017-01-05 00:00:00,41.0,-115.625,263.8217,0.0,0.000814,11.7,-20.0,24
2017-01-05 00:00:00,41.0,-115.0,263.99487,0.0,0.001115,12.266,-20.0,24
2017-01-05 00:00:00,41.0,-114.375,265.93982,0.0,0.0004172,11.26,-20.0,24
2017-01-05 00:00:00,41.0,-113.75,266.13153,0.0,0.0004065,9.64,-20.0,24
2017-01-05 00:00:00,41.5,-123.75,265.556,0.0,2.55e-05,3.885,-20.0,24
2017-01-05 00:00:00,41.5,-123.125,260.25476,0.0,5.23e-05,4.35,-20.0,24
2017-01-05 00:00:00,41.5,-122.5,257.90112,0.0,3.76e-05,5.42,-20.0,24
2017-01-05 00:00:00,41.5,-121.875,258.21686,0.0,2.53e-05,7.047,-20.0,24
2017-01-05 00:00:00,41.5,-121.25,257.70743,0.0,1.97e-05,7.266,-20.0,24
2017-01-05 00:00:00,41.5,-120.625,254.7344,0.0,1.61e-05,8.03,-20.0,24
2017-01-05 00:00:00,41.5,-120.0,254.01627,0.0,2.784e-05,7.406,-20.0,24
2017-01-05 00:00:00,41.5,-119.375,255.24402,0.0,5.627e-05,7.812,-20.0,24
2017-01-05 00:00:00,41.5,-118.75,257.61307,0.0,6.8e-05,6.773,-20.0,24
2017-01-05 00:00:00,41.5,-118.125,258.13983,0.0,0.000124,6.43,-20.0,24
2017-01-05 00:00:00,41.5,-117.5,260.99435,0.0,0.0001421,7.215,-20.0,24
2017-01-05 00:00:00,41.5,-116.875,261.7308,0.0,0.0002835,7.664,-20.0,24
2017-01-05 00:00:00,41.5,-116.25,261.01056,0.0,0.0003421,9.28,-20.0,24
2017-01-05 00:00:00,41.5,-115.625,260.51746,0.0,0.0003319,11.984,-20.0,24
2017-01-05 00:00:00,41.5,-115.0,260.17133,0.0,0.0004735,11.15,-20.0,24
2017-01-05 00:00:00,41.5,-114.375,260.90204,0.0,0.0005836,9.44,-20.0,24
2017-01-05 00:00:00,41.5,-113.75,260.49316,0.0,0.000643,9.92,-20.0,24
2017-01-05 00:00:00,42.0,-123.75,265.15186,0.0,5.54e-05,5.035,-20.0,24
2017-01-05 00:00:00,42.0,-123.125,261.08844,0.0,0.00011563,4.613,-20.0,24
2017-01-05 00:00:00,42.0,-122.5,260.86172,0.0,6.19e-05,5.465,-20.0,24
2017-01-05 00:00:00,42.0,-121.875,257.02344,0.0,1.24e-05,7.242,-20.0,24
2017-01-05 00:00:00,42.0,-121.25,255.77277,0.0,6.5e-06,8.28,-20.0,24
2017-01-05 00:00:00,42.0,-120.625,255.68927,0.0,3.004e-05,7.418,-20.0,24
2017-01-05 00:00:00,42.0,-120.0,255.18849,0.0,6.11e-05,7.1,-20.0,24
2017-01-05 00:00:00,42.0,-119.375,255.87448,0.0,0.00011945,5.668,-20.0,24
2017-01-05 00:00:00,42.0,-118.75,255.27219,0.0,4.87e-05,4.402,-20.0,24
2017-01-05 00:00:00,42.0,-118.125,255.93967,0.0,9.19e-05,4.996,-20.0,24
2017-01-05 00:00:00,42.0,-117.5,256.85635,0.0,9.49e-05,6.055,-20.0,24
2017-01-05 00:00:00,42.0,-116.875,257.80304,0.0,0.00010633,5.77,-20.0,24
2017-01-05 00:00:00,42.0,-116.25,256.47742,0.0,0.00022,6.74,-20.0,24
2017-01-05 00:00:00,42.0,-115.625,253.61191,0.0,0.0001339,8.22,-20.0,24
2017-01-05 00:00:00,42.0,-115.0,252.66196,0.0,0.0001657,8.37,-20.0,24
2017-01-05 00:00:00,42.0,-114.375,252.75987,0.0,0.000261,8.09,-20.0,24
2017-01-05 00:00:00,42.0,-113.75,253.18271,0.0,0.0003855,9.1,-20.0,24
2017-01-05 12:00:00,32.5,-123.75,270.60733,0.8,2.55e-05,7.652,-20.0,36
2017-01-05 12:00:00,32.5,-123.125,270.60733,0.8,1.776e-05,7.516,-20.0,36
2017-01-05 12:00:00,32.5,-122.5,270.60733,0.8,2.426e-05,7.77,-20.0,36
2017-01-05 12:00:00,32.5,-121.875,270.60733,0.8,4.35e-05,7.85,-20.0,36
2017-01-05 12:00:00,32.5,-121.25,270.60733,0.8,4.32e-05,7.562,-20.0,36
2017-01-05 12:00:00,32.5,-120.625,270.60733,0.8,3.56e-05,7.277,-20.0,36
2017-01-05 12:00:00,32.5,-120.0,270.60733,0.8,2.68e-05,6.875,-20.0,36
2017-01-05 12:00:00,32.5,-119.375,270.60733,0.8,1.96e-05,6.598,-20.0,36
2017-01-05 12:00:00,32.5,-118.75,293.2176,0.8,4.26e-05,6.543,-20.0,36
2017-01-05 12:00:00,32.5,-118.125,293.41202,0.8,0.0001256,5.812,-20.0,36
2017-01-05 12:00:00,32.5,-117.5,288.2787,0.2114,0.0003107,6.754,-20.0,36
2017-01-05 12:00:00,32.5,-116.875,286.40335,0.2107,0.000594,7.09,-20.0,36
2017-01-05 12:00:00,32.5,-116.25,285.28046,0.1412,0.0002582,12.266,-20.0,36
2017-01-05 12:00:00,32.5,-115.625,291.76642,0.2263,1.025e-05,9.92,-20.0,36
2017-01-05 12:00:00,32.5,-115.0,291.8443,0.1775,6e-08,6.38,2.334,36
2017-01-05 12:00:00,32.5,-114.375,290.73706,0.1484,0.0,7.13,-20.0,36
2017-01-05 12:00:00,32.5,-113.75,290.2934,0.128,0.0,6.49,-20.0,36
2017-01-05 12:00:00,33.0,-123.75,270.60733,0.8,4.66e-05,8.92,-20.0,36
2017-01-05 12:00:00,33.0,-123.125,270.60733,0.8,5.27e-05,8.89,-20.0,36
2017-01-05 12:00:00,33.0,-122.5,270.60733,0.8,5.53e-05,8.945,-20.0,36
2017-01-05 12:00:00,33.0,-121.875,270.60733,0.8,4.65e-05,8.77,-20.0,36
2017-01-05 12:00:00,33.0,-121.25,270.60733,0.8,4.1e-05,8.19,-20.0,36
2017-01-05 12:00:00,33.0,-120.625,270.60733,0.8,3.86e-05,8.06,-20.0,36
2017-01-05 12:00:00,33.0,-120.0,270.60733,0.8,3.41e-05,7.973,-20.0,36
2017-01-05 12:00:00,33.0,-119.375,292.29382,0.1827,2.23e-05,7.723,-20.0,36
2017-01-05 12:00:00,33.0,-118.75,292.83795,0.2607,6.34e-05,7.68,-20.0,36
2017-01-05 12:00:00,33.0,-118.125,292.5241,0.1819,0.0003126,6.773,-20.0,36
2017-01-05 12:00:00,33.0,-117.5,287.85413,0.2345,0.000624,6.68,-20.0,36
2017-01-05 12:00:00,33.0,-116.875,284.90643,0.236,0.0008316,8.836,-20.0,36
2017-01-05 12:00:00,33.0,-116.25,287.16602,0.1378,0.0001597,12.9,-20.0,36
2017-01-05 12:00:00,33.0,-115.625,291.47485,0.2498,1.4e-06,10.375,1.0,36
2017-01-05 12:00:00,33.0,-115.0,290.28406,0.07056,1e-07,10.24,-20.0,36
2017-01-05 12:00:00,33.0,-114.375,290.7881,0.0846,6e-08,9.68,-20.0,36
2017-01-05 12:00:00,33.0,-113.75,290.48273,0.08026,6e-08,9.14,-20.0,36
2017-01-05 12:00:00,33.5,-123.75,270.60733,0.8,6.354e-05,9.77,-20.0,36
2017-01-05 12:00:00,33.5,-123.125,270.60733,0.8,6.24e-05,9.93,-20.0,36
2017-01-05 12:00:00,33.5,-122.5,270.60733,0.8,4.965e-05,9.84,-20.0,36
2017-01-05 12:00:00,33.5,-121.875,270.60733,0.8,5.156e-05,9.6,-20.0,36
2017-01-05 12:00:00,33.5,-121.25,270.60733,0.8,4.06e-05,8.94,-20.0,36
2017-01-05 12:00:00,33.5,-120.625,289.78204,0.8,7.325e-05,8.72,-20.0,36
2017-01-05 12:00:00,33.5,-120.0,289.1198,0.8,4.54e-05,8.945,-20.0,36
2017-01-05 12:00:00,33.5,-119.375,292.29382,0.2079,5.585e-05,8.52,-20.0,36
2017-01-05 12:00:00,33.5,-118.75,291.50616,0.1414,0.0001837,8.41,-20.0,36
2017-01-05 12:00:00,33.5,-118.125,290.60474,0.1925,0.000686,7.89,-20.0,36
2017-01-05 12:00:00,33.5,-117.5,287.45923,0.235,0.001394,7.906,-20.0,36
2017-01-05 12:00:00,33.5,-116.875,283.23022,0.2096,0.001316,8.875,-20.0,36
2017-01-05 12:00:00,33.5,-116.25,286.91907,0.12134,0.0001726,10.31,-20.0,36
2017-01-05 12:00:00,33.5,-115.625,289.24646,0.0556,4e-07,9.39,-20.0,36
2017-01-05 12:00:00,33.5,-115.0,289.86664,0.0686,6e-08,11.43,-20.0,36
2017-01-05 12:00:00,33.5,-114.375,289.76135,0.10516,2.4e-07,9.664,-20.0,36
2017-01-05 12:00:00,33.5,-113.75,288.53546,0.09344,8e-07,9.96,-20.0,36
2017-01-05 12:00:00,34.0,-123.75,270.60733,0.8,3.755e-05,9.73,-20.0,36
2017-01-05 12:00:00,34.0,-123.125,270.60733,0.8,5.335e-05,10.1,-20.0,36
2017-01-05 12:00:00,34.0,-122.5,270.60733,0.8,6.34e-05,10.41,-20.0,36
2017-01-05 12:00:00,34.0,-121.875,270.60733,0.8,7.43e-05,10.43,-20.0,36
2017-01-05 12:00:00,34.0,-121.25,270.60733,0.8,7.826e-05,9.48,-20.0,36
2017-01-05 12:00:00,34.0,-120.625,289.65634,0.8,0.0002077,8.84,-20.0,36
2017-01-05 12:00:00,34.0,-120.0,288.97308,0.2651,0.000306,8.86,-20.0,36
2017-01-05 12:00:00,34.0,-119.375,288.71204,0.234,0.0002186,8.0,-20.0,36
2017-01-05 12:00:00,34.0,-118.75,288.99115,0.222,0.0005627,7.805,-20.0,36
2017-01-05 12:00:00,34.0,-118.125,287.49188,0.2197,0.001112,7.957,-20.0,36
2017-01-05 12:00:00,34.0,-117.5,285.3404,0.226,0.0012245,8.77,-20.0,36
2017-01-05 12:00:00,34.0,-116.875,282.89813,0.2091,0.000969,10.766,-20.0,36
2017-01-05 12:00:00,34.0,-116.25,284.28528,0.0857,0.0001627,11.24,-20.0,36
2017-01-05 12:00:00,34.0,-115.625,288.06213,0.06052,1.1e-06,9.77,-20.0,36
2017-01-05 12:00:00,34.0,-115.0,289.13544,0.0626,2e-07,10.68,-20.0,36
2017-01-05 12:00:00,34.0,-114.375,289.2478,0.10614,4e-07,8.586,-20.0,36
2017-01-05 12:00:00,34.0,-113.75,287.70132,0.07495,7.75e-06,8.73,-20.0,36
2017-01-05 12:00:00,34.5,-123.75,270.60733,0.8,1.13e-05,8.14,-20.0,36
2017-01-05 12:00:00,34.5,-123.125,270.60733,0.8,2.617e-05,8.664,-20.0,36
2017-01-05 12:00:00,34.5,-122.5,270.60733,0.8,5.025e-05,9.195,-20.0,36
2017-01-05 12:00:00,34.5,-121.875,270.60733,0.8,7.117e-05,9.305,-20.0,36
2017-01-05 12:00:00,34.5,-121.25,289.50333,0.8,0.00010234,9.1,-20.0,36
2017-01-05 12:00:00,34.5,-120.625,288.9629,0.8,0.0003877,8.26,-20.0,36
2017-01-05 12:00:00,34.5,-120.0,287.32275,0.252,0.000612,7.562,-20.0,36
2017-01-05 12:00:00,34.5,-119.375,284.92484,0.1974,0.000618,6.746,-20.0,36
2017-01-05 12:00:00,34.5,-118.75,285.3655,0.1836,0.0003965,7.125,-20.0,36
2017-01-05 12:00:00,34.5,-118.125,284.78424,0.1293,0.000644,9.12,-20.0,36
2017-01-05 12:00:00,34.5,-117.5,283.45834,0.102,0.000491,10.96,-20.0,36
2017-01-05 12:00:00,34.5,-116.875,283.52582,0.09467,0.0001569,13.69,-20.0,36
2017-01-05 12:00:00,34.5,-116.25,285.6872,0.06125,2.79e-05,13.97,-20.0,36
2017-01-05 12:00:00,34.5,-115.625,287.9962,0.0598,7e-07,10.33,-20.0,36
2017-01-05 12:00:00,34.5,-115.0,287.03073,0.07227,1.8e-06,11.74,-20.0,36
2017-01-05 12:00:00,34.5,-114.375,287.66364,0.0655,9.24e-06,8.63,-20.0,36
2017-01-05 12:00:00,34.5,-113.75,285.56445,0.08105,0.0001268,8.195,-20.0,36
2017-01-05 12:00:00,35.0,-123.75,270.60733,0.8,4.6e-06,7.098,-20.0,36
2017-01-05 12:00:00,35.0,-123.125,270.60733,0.8,9.4e-06,7.215,-20.0,36
2017-01-05 12:00:00,35.0,-122.5,270.60733,0.8,1.585e-05,8.37,-20.0,36
2017-01-05 12:00:00,35.0,-121.875,288.46088,0.8,2.086e-05,9.84,-20.0,36
2017-01-05 12:00:00,35.0,-121.25,287.56335,0.8,0.00010335,9.445,-20.0,36
2017-01-05 12:00:00,35.0,-120.625,287.20224,0.8,0.0004869,7.164,-20.0,36
2017-01-05 12:00:00,35.0,-120.0,284.89124,0.2021,0.0008383,7.508,-20.0,36
2017-01-05 12:00:00,35.0,-119.375,284.42596,0.189,0.000563,7.523,-20.0,36
2017-01-05 12:00:00,35.0,-118.75,283.10815,0.2131,0.001328,9.0,-20.0,36
2017-01-05 12:00:00,35.0,-118.125,283.17224,0.107,0.00101,11.26,-20.0,36
2017-01-05 12:00:00,35.0,-117.5,284.82614,0.0818,7.5e-05,13.445,-20.0,36
2017-01-05 12:00:00,35.0,-116.875,285.46405,0.08325,3.046e-05,16.08,-20.0,36
2017-01-05 12:00:00,35.0,-116.25,286.41962,0.0598,3.3e-06,14.42,-20.0,36
2017-01-05 12:00:00,35.0,-115.625,283.90182,0.08344,4.363e-05,12.41,-20.0,36
2017-01-05 12:00:00,35.0,-115.0,285.27606,0.08185,1.734e-05,14.47,-20.0,36
2017-01-05 12:00:00,35.0,-114.375,285.92267,0.09424,5.203e-05,10.22,1.0,36
2017-01-05 12:00:00,35.0,-113.75,282.43225,0.0952,0.0004034,10.32,-20.0,36
2017-01-05 12:00:00,35.5,-123.75,270.60733,0.8,3.46e-06,6.887,-20.0,36
2017-01-05 12:00:00,35.5,-123.125,270.60733,0.8,7.7e-06,7.367,-20.0,36
2017-01-05 12:00:00,35.5,-122.5,270.60733,0.8,1.115e-05,8.8,-20.0,36
2017-01-05 12:00:00,35.5,-121.875,287.1402,0.8,1.186e-05,9.664,-20.0,36
2017-01-05 12:00:00,35.5,-121.25,287.754,0.2834,5.233e-05,8.39,-20.0,36
2017-01-05 12:00:00,35.5,-120.625,285.8466,0.2852,0.0002215,6.88,-20.0,36
2017-01-05 12:00:00,35.5,-120.0,285.00693,0.2673,0.0005136,8.625,-20.0,36
2017-01-05 12:00:00,35.5,-119.375,285.59726,0.144,0.001289,7.31,-20.0,36
2017-01-05 12:00:00,35.5,-118.75,282.5957,0.211,0.006157,7.242,-20.0,36
2017-01-05 12:00:00,35.5,-118.125,280.67328,0.1255,0.001489,12.87,-20.0,36
2017-01-05 12:00:00,35.5,-117.5,284.66528,0.0757,2.325e-05,14.47,-20.0,36
2017-01-05 12:00:00,35.5,-116.875,285.81476,0.07056,2.79e-05,16.94,-20.0,36
2017-01-05 12:00:00,35.5,-116.25,286.10583,0.06573,4.05e-06,15.21,-20.0,36
2017-01-05 12:00:00,35.5,-115.625,284.08054,0.089,7.71e-05,15.47,-20.0,36
2017-01-05 12:00:00,35.5,-115.0,284.89783,0.08887,2.116e-05,16.88,-20.0,36
2017-01-05 12:00:00,35.5,-114.375,285.20908,0.0985,3.296e-05,12.836,-20.0,36
2017-01-05 12:00:00,35.5,-113.75,282.00397,0.08356,0.0003362,13.04,-20.0,36
2017-01-05 12:00:00,36.0,-123.75,270.60733,0.8,4.4e-06,7.13,-20.0,36
2017-01-05 12:00:00,36.0,-123.125,270.60733,0.8,8.76e-06,7.305,-20.0,36
2017-01-05 12:00:00,36.0,-122.5,270.60733,0.8,9.3e-06,8.08,-20.0,36
2017-01-05 12:00:00,36.0,-121.875,282.67578,0.2161,1.48e-05,8.44,-20.0,36
2017-01-05 12:00:00,36.0,-121.25,284.1156,0.2183,2.06e-05,7.21,-20.0,36
2017-01-05 12:00:00,36.0,-120.625,285.22076,0.2546,5.835e-05,5.195,-20.0,36
2017-01-05 12:00:00,36.0,-120.0,284.90402,0.1812,0.0002005,6.688,-20.0,36
2017-01-05 12:00:00,36.0,-119.375,282.5929,0.2112,0.002043,5.324,-20.0,36
2017-01-05 12:00:00,36.0,-118.75,279.75745,0.2213,0.005203,6.715,-20.0,36
2017-01-05 12:00:00,36.0,-118.125,276.01022,0.1059,0.00263,13.945,-20.0,36
2017-01-05 12:00:00,36.0,-117.5,281.71027,0.06757,5.9e-06,12.62,-20.0,36
2017-01-05 12:00:00,36.0,-116.875,285.81512,0.0627,4.2e-06,14.48,-20.0,36
2017-01-05 12:00:00,36.0,-116.25,285.68732,0.07983,6.8e-06,14.54,-20.0,36
2017-01-05 12:00:00,36.0,-115.625,283.06683,0.1021,0.0001774,17.39,-20.0,36
2017-01-05 12:00:00,36.0,-115.0,286.48126,0.07526,7e-07,17.83,-20.0,36
2017-01-05 12:00:00,36.0,-114.375,285.56396,0.0728,2.915e-05,14.48,-20.0,36
2017-01-05 12:00:00,36.0,-113.75,282.32022,0.0985,0.000623,14.46,-20.0,36
2017-01-05 12:00:00,36.5,-123.75,270.60733,0.8,3.6e-07,7.477,-20.0,36
2017-01-05 12:00:00,36.5,-123.125,270.60733,0.8,9.5e-07,7.652,-20.0,36
2017-01-05 12:00:00,36.5,-122.5,270.60733,0.8,1.9e-06,7.402,-20.0,36
2017-01-05 12:00:00,36.5,-121.875,283.16833,0.2311,1.204e-05,6.17,-20.0,36
2017-01-05 12:00:00,36.5,-121.25,282.38687,0.235,2.277e-05,6.113,-20.0,36
2017-01-05 12:00:00,36.5,-120.625,283.3447,0.2223,1.94e-05,6.97,-20.0,36
2017-01-05 12:00:00,36.5,-120.0,284.21667,0.12476,0.0003946,6.25,-20.0,36
2017-01-05 12:00:00,36.5,-119.375,278.45984,0.2761,0.001198,5.508,-20.0,36
2017-01-05 12:00:00,36.5,-118.75,274.75958,0.2727,0.005733,7.08,-20.0,36
2017-01-05 12:00:00,36.5,-118.125,273.6746,0.06934,0.001396,14.625,-20.0,36
2017-01-05 12:00:00,36.5,-117.5,279.55084,0.05914,7e-07,9.86,-20.0,36
2017-01-05 12:00:00,36.5,-116.875,285.16022,0.05414,4.35e-06,11.625,-20.0,36
2017-01-05 12:00:00,36.5,-116.25,284.41287,0.08386,5.4e-05,13.25,-20.0,36
2017-01-05 12:00:00,36.5,-115.625,281.54047,0.08875,0.0001858,16.2,-20.0,36
2017-01-05 12:00:00,36.5,-115.0,283.41006,0.0864,2.7e-06,14.4,-20.0,36
2017-01-05 12:00:00,36.5,-114.375,285.00726,0.09033,8.01e-05,14.44,-20.0,36
2017-01-05 12:00:00,36.5,-113.75,282.00427,0.1123,0.0006075,16.11,-20.0,36
2017-01-05 12:00:00,37.0,-123.75,270.60733,0.8,2e-07,8.31,-20.0,36
2017-01-05 12:00:00,37.0,-123.125,270.60733,0.8,2e-07,7.918,-20.0,36
2017-01-05 12:00:00,37.0,-122.5,284.03912,0.2722,2e-07,7.34,-20.0,36
2017-01-05 12:00:00,37.0,-121.875,281.34387,0.2954,6.6e-07,5.492,-20.0,36
2017-01-05 12:00:00,37.0,-121.25,282.01306,0.285,5.54e-06,6.01,-20.0,36
2017-01-05 12:00:00,37.0,-120.625,283.508,0.1921,2.223e-05,6.387,-20.0,36
2017-01-05 12:00:00,37.0,-120.0,282.2121,0.2279,0.0002296,4.855,-20.0,36
2017-01-05 12:00:00,37.0,-119.375,275.04498,0.25,0.001923,4.11,-20.0,36
2017-01-05 12:00:00,37.0,-118.75,272.1248,0.1943,0.00419,12.7,-20.0,36
2017-01-05 12:00:00,37.0,-118.125,273.9568,0.07983,6.38e-05,11.06,-20.0,36
2017-01-05 12:00:00,37.0,-117.5,279.1563,0.05945,5.6e-06,8.445,-20.0,36
2017-01-05 12:00:00,37.0,-116.875,282.74457,0.04904,2.736e-05,11.31,-20.0,36
2017-01-05 12:00:00,37.0,-116.25,281.77917,0.0,0.0001428,12.92,-20.0,36
2017-01-05 12:00:00,37.0,-115.625,281.6729,0.0813,9.59e-05,12.625,-20.0,36
2017-01-05 12:00:00,37.0,-115.0,282.09842,0.07965,6.22e-05,10.375,-20.0,36
2017-01-05 12:00:00,37.0,-114.375,282.7063,0.0907,9.29e-05,10.78,-20.0,36
2017-01-05 12:00:00,37.0,-113.75,282.37308,0.07764,0.000519,13.2,-20.0,36
2017-01-05 12:00:00,37.5,-123.75,270.60733,0.8,2.4e-07,9.28,-20.0,36
2017-01-05 12:00:00,37.5,-123.125,281.85278,0.8,2.4e-07,8.34,-20.0,36
2017-01-05 12:00:00,37.5,-122.5,282.7703,0.2546,0.0,6.613,-20.0,36
2017-01-05 12:00:00,37.5,-121.875,280.3251,0.2408,1e-07,5.562,-20.0,36
2017-01-05 12:00:00,37.5,-121.25,281.21643,0.2537,1.8e-06,6.785,-20.0,36
2017-01-05 12:00:00,37.5,-120.625,282.08398,0.0,6.837e-05,5.555,-20.0,36
2017-01-05 12:00:00,37.5,-120.0,276.3313,0.2266,0.000539,3.736,-20.0,36
2017-01-05 12:00:00,37.5,-119.375,271.55356,0.1931,0.003532,8.49,-20.0,36
2017-01-05 12:00:00,37.5,-118.75,271.33133,0.0,0.00071,15.414,-20.0,36
2017-01-05 12:00:00,37.5,-118.125,273.89102,0.0,2e-07,10.17,-20.0,36
2017-01-05 12:00:00,37.5,-117.5,277.1753,0.0,1.7e-06,9.89,-20.0,36
2017-01-05 12:00:00,37.5,-116.875,279.34918,0.0,1.13e-05,12.164,-20.0,36
2017-01-05 12:00:00,37.5,-116.25,278.774,0.0,0.0001098,13.43,-20.0,36
2017-01-05 12:00:00,37.5,-115.625,278.48914,0.0877,0.0001714,10.83,-20.0,36
2017-01-05 12:00:00,37.5,-115.0,280.15826,0.0891,0.000352,8.625,-20.0,36
2017-01-05 12:00:00,37.5,-114.375,278.60086,0.1116,0.001022,9.59,-20.0,36
2017-01-05 12:00:00,37.5,-113.75,276.95407,0.1203,0.003645,10.05,-20.0,36
2017-01-05 12:00:00,38.0,-123.75,270.60733,0.8,3e-07,9.664,-20.0,36
2017-01-05 12:00:00,38.0,-123.125,280.54044,0.0,2e-07,8.164,-20.0,36
2017-01-05 12:00:00,38.0,-122.5,280.3671,0.2112,0.0,5.742,-20.0,36
2017-01-05 12:00:00,38.0,-121.875,279.9272,0.3035,6e-08,5.74,-20.0,36
2017-01-05 12:00:00,38.0,-121.25,281.16382,0.0,1.174e-05,5.36,-20.0,36
2017-01-05 12:00:00,38.0,-120.625,278.25366,0.2444,0.0001733,3.637,-20.0,36
2017-01-05 12:00:00,38.0,-120.0,273.43634,0.0,0.001446,6.242,-20.0,36
2017-01-05 12:00:00,38.0,-119.375,268.5684,0.0,0.001319,13.32,-20.0,36
2017-01-05 12:00:00,38.0,-118.75,271.6792,0.0,1.9e-06,12.78,-20.0,36
2017-01-05 12:00:00,38.0,-118.125,274.5656,0.0,5.4e-07,9.984,-20.0,36
2017-01-05 12:00:00,38.0,-117.5,276.29224,0.0,4.53e-06,11.05,-20.0,36
2017-01-05 12:00:00,38.0,-116.875,276.91388,0.0,5.33e-05,11.7,-20.0,36
2017-01-05 12:00:00,38.0,-116.25,277.48782,0.0818,0.0001479,11.62,-20.0,36
2017-01-05 12:00:00,38.0,-115.625,276.64893,0.0832,0.000502,9.766,-20.0,36
2017-01-05 12:00:00,38.0,-115.0,277.31952,0.08203,0.0008583,8.65,-20.0,36
2017-01-05 12:00:00,38.0,-114.375,276.5716,0.0926,0.002493,10.16,-20.0,36
2017-01-05 12:00:00,38.0,-113.75,275.54684,0.0,0.003313,9.48,-20.0,36
2017-01-05 12:00:00,38.5,-123.75,279.62265,0.0,5e-07,9.32,-20.0,36
2017-01-05 12:00:00,38.5,-123.125,278.50522,0.3354,2e-07,6.81,-20.0,36
2017-01-05 12:00:00,38.5,-122.5,277.40057,0.0,0.0,5.87,-20.0,36
2017-01-05 12:00:00,38.5,-121.875,278.6975,-0.001156,1e-06,7.6,-20.0,36
2017-01-05 12:00:00,38.5,-121.25,279.45883,0.2249,1.454e-05,3.88,-20.0,36
2017-01-05 12:00:00,38.5,-120.625,275.0418,0.0,0.0003395,4.508,-20.0,36
2017-01-05 12:00:00,38.5,-120.0,270.81702,0.0,0.001059,8.99,-20.0,36
2017-01-05 12:00:00,38.5,-119.375,271.1128,0.0,0.0002923,10.85,-20.0,36
2017-01-05 12:00:00,38.5,-118.75,272.70776,0.0,2.015e-05,8.99,-20.0,36
2017-01-05 12:00:00,38.5,-118.125,273.1535,0.0,0.0001771,9.87,-20.0,36
2017-01-05 12:00:00,38.5,-117.5,272.6932,0.0,0.0001824,9.82,-20.0,36
2017-01-05 12:00:00,38.5,-116.875,272.54724,0.0,0.0002439,10.01,-20.0,36
2017-01-05 12:00:00,38.5,-116.25,274.89755,0.07007,0.0001243,9.82,-20.0,36
2017-01-05 12:00:00,38.5,-115.625,275.7605,0.0854,0.000584,8.64,-20.0,36
2017-01-05 12:00:00,38.5,-115.0,274.76007,0.0849,0.002039,8.64,-20.0,36
2017-01-05 12:00:00,38.5,-114.375,273.7606,0.0,0.004295,8.54,-20.0,36
2017-01-05 12:00:00,38.5,-113.75,271.1606,0.0,0.004807,10.195,-20.0,36
2017-01-05 12:00:00,39.0,-123.75,278.5614,0.0,8e-07,6.734,-20.0,36
2017-01-05 12:00:00,39.0,-123.125,275.60233,0.0,3.6e-07,4.73,-20.0,36
2017-01-05 12:00:00,39.0,-122.5,275.00903,0.0,0.0,6.508,2.0,36
2017-01-05 12:00:00,39.0,-121.875,278.71722,0.1097,7.4e-06,7.316,-20.0,36
2017-01-05 12:00:00,39.0,-121.25,278.86392,0.1387,0.0001345,3.586,-20.0,36
2017-01-05 12:00:00,39.0,-120.625,272.78467,0.0,0.000502,5.62,-20.0,36
2017-01-05 12:00:00,39.0,-120.0,270.20316,0.0,0.00076,7.234,-20.0,36
2017-01-05 12:00:00,39.0,-119.375,270.7619,0.0,0.0005784,6.598,-20.0,36
2017-01-05 12:00:00,39.0,-118.75,269.7096,0.0,0.001105,8.31,-20.0,36
2017-01-05 12:00:00,39.0,-118.125,271.8117,0.0,0.0003524,7.977,-20.0,36
2017-01-05 12:00:00,39.0,-117.5,269.99084,0.0,0.000578,7.625,-20.0,36
2017-01-05 12:00:00,39.0,-116.875,269.12793,0.0,0.0005617,7.82,-20.0,36
2017-01-05 12:00:00,39.0,-116.25,270.70496,0.0,0.0004675,9.56,-20.0,36
2017-01-05 12:00:00,39.0,-115.625,271.57242,0.0,0.001653,9.75,-20.0,36
2017-01-05 12:00:00,39.0,-115.0,270.26578,0.0,0.00268,7.133,-20.0,36
2017-01-05 12:00:00,39.0,-114.375,269.0379,0.0,0.00393,6.305,-20.0,36
2017-01-05 12:00:00,39.0,-113.75,267.9523,0.0,0.0034,7.14,-20.0,36
2017-01-05 12:00:00,39.5,-123.75,277.16846,0.0,8.3e-07,5.367,-20.0,36
2017-01-05 12:00:00,39.5,-123.125,272.26035,0.0,2e-07,4.23,-20.0,36
2017-01-05 12:00:00,39.5,-122.5,273.8833,0.0,6e-08,9.01,-20.0,36
2017-01-05 12:00:00,39.5,-121.875,278.30728,0.0,1.44e-05,6.754,-20.0,36
2017-01-05 12:00:00,39.5,-121.25,275.09882,0.0,0.000269,4.324,-20.0,36
2017-01-05 12:00:00,39.5,-120.625,270.48117,0.0,0.000698,5.22,-20.0,36
2017-01-05 12:00:00,39.5,-120.0,266.30603,0.0,0.0006714,5.34,-20.0,36
2017-01-05 12:00:00,39.5,-119.375,269.44647,0.0,0.001077,6.83,-20.0,36
2017-01-05 12:00:00,39.5,-118.75,270.53992,0.0,0.0002053,7.234,-20.0,36
2017-01-05 12:00:00,39.5,-118.125,271.6371,0.0,0.0004568,6.38,-20.0,36
2017-01-05 12:00:00,39.5,-117.5,268.46387,0.0,0.0007644,6.223,-20.0,36
2017-01-05 12:00:00,39.5,-116.875,267.00586,0.0,0.000722,6.17,-20.0,36
2017-01-05 12:00:00,39.5,-116.25,267.71478,0.0,0.0008974,6.883,-20.0,36
2017-01-05 12:00:00,39.5,-115.625,267.65833,0.0,0.001999,5.86,-20.0,36
2017-01-05 12:00:00,39.5,-115.0,265.26968,0.0,0.00202,5.664,-20.0,36
2017-01-05 12:00:00,39.5,-114.375,265.72928,0.0,0.002329,4.883,-20.0,36
2017-01-05 12:00:00,39.5,-113.75,265.97296,0.0,0.002377,6.92,-20.0,36
2017-01-05 12:00:00,40.0,-123.75,274.07095,0.0,2.4e-07,4.664,-20.0,36
2017-01-05 12:00:00,40.0,-123.125,269.02417,0.0,1e-07,5.7,-20.0,36
2017-01-05 12:00:00,40.0,-122.5,272.25366,0.0,0.0,11.43,-20.0,36
2017-01-05 12:00:00,40.0,-121.875,274.5199,0.0,7.57e-06,6.996,1.0,36
2017-01-05 12:00:00,40.0,-121.25,269.5907,0.0,0.0002995,6.715,-20.0,36
2017-01-05 12:00:00,40.0,-120.625,266.0726,0.0,0.0006485,6.52,-20.0,36
2017-01-05 12:00:00,40.0,-120.0,265.76495,0.0,0.0007076,6.266,-20.0,36
2017-01-05 12:00:00,40.0,-119.375,268.43576,0.0,0.000697,7.184,-20.0,36
2017-01-05 12:00:00,40.0,-118.75,269.82617,0.0,0.0002933,7.805,-20.0,36
2017-01-05 12:00:00,40.0,-118.125,271.4455,0.0,0.0003686,6.406,-20.0,36
2017-01-05 12:00:00,40.0,-117.5,269.83423,0.0,0.0005345,5.99,-20.0,36
2017-01-05 12:00:00,40.0,-116.875,266.92886,0.0,0.0005445,5.562,-20.0,36
2017-01-05 12:00:00,40.0,-116.25,264.9921,0.0,0.000695,5.69,-20.0,36
2017-01-05 12:00:00,40.0,-115.625,264.2596,0.0,0.001192,4.793,-20.0,36
2017-01-05 12:00:00,40.0,-115.0,261.83484,0.0,0.001127,4.65,-20.0,36
2017-01-05 12:00:00,40.0,-114.375,264.77838,0.0,0.00125,5.84,-20.0,36
2017-01-05 12:00:00,40.0,-113.75,265.6381,0.0,0.001154,6.953,-20.0,36
2017-01-05 12:00:00,40.5,-123.75,270.429,0.0,1e-07,3.846,-20.0,36
2017-01-05 12:00:00,40.5,-123.125,265.6674,0.0,0.0,5.02,-20.0,36
2017-01-05 12:00:00,40.5,-122.5,269.14932,0.0,0.0,8.25,-20.0,36
2017-01-05 12:00:00,40.5,-121.875,270.24426,0.0,8.3e-07,8.21,-20.0,36
2017-01-05 12:00:00,40.5,-121.25,262.41467,0.0,0.0001101,7.473,-20.0,36
2017-01-05 12:00:00,40.5,-120.625,263.22006,0.0,0.000502,7.332,-20.0,36
2017-01-05 12:00:00,40.5,-120.0,265.9605,0.0,0.000492,7.824,-20.0,36
2017-01-05 12:00:00,40.5,-119.375,267.09955,0.0,0.0003557,8.01,-20.0,36
2017-01-05 12:00:00,40.5,-118.75,267.54263,0.0,0.0002708,8.55,-20.0,36
2017-01-05 12:00:00,40.5,-118.125,268.42392,0.0,0.000253,7.477,-20.0,36
2017-01-05 12:00:00,40.5,-117.5,267.42188,0.0,0.000368,6.344,-20.0,36
2017-01-05 12:00:00,40.5,-116.875,267.09406,0.0,0.0003257,5.67,-20.0,36
2017-01-05 12:00:00,40.5,-116.25,263.64435,0.0,0.0004177,6.23,-20.0,36
2017-01-05 12:00:00,40.5,-115.625,261.85507,0.0,0.0005574,5.16,-20.0,36
2017-01-05 12:00:00,40.5,-115.0,260.9713,0.0,0.0005097,4.28,-20.0,36
2017-01-05 12:00:00,40.5,-114.375,262.54327,0.0,0.0004325,5.7,-20.0,36
2017-01-05 12:00:00,40.5,-113.75,266.0791,0.0,0.0002532,6.855,-20.0,36
2017-01-05 12:00:00,41.0,-123.75,269.52277,0.0,0.0,5.504,-20.0,36
2017-01-05 12:00:00,41.0,-123.125,262.09625,0.0,6.26e-06,5.38,-20.0,36
2017-01-05 12:00:00,41.0,-122.5,263.3158,0.0,3.5e-06,7.645,-20.0,36
2017-01-05 12:00:00,41.0,-121.875,264.2834,0.0,1.9e-06,9.56,-20.0,36
2017-01-05 12:00:00,41.0,-121.25,261.0365,0.0,4.7e-06,8.86,-20.0,36
2017-01-05 12:00:00,41.0,-120.625,259.30945,0.0,2.676e-05,8.22,-20.0,36
2017-01-05 12:00:00,41.0,-120.0,260.5137,0.0,7.236e-05,8.79,-20.0,36
2017-01-05 12:00:00,41.0,-119.375,262.87625,0.0,0.0001533,8.69,-20.0,36
2017-01-05 12:00:00,41.0,-118.75,265.21988,0.0,0.0001326,8.445,-20.0,36
2017-01-05 12:00:00,41.0,-118.125,264.64746,0.0,7.075e-05,7.598,-20.0,36
2017-01-05 12:00:00,41.0,-117.5,264.6826,0.0,6.974e-05,6.336,-20.0,36
2017-01-05 12:00:00,41.0,-116.875,263.7243,0.0,2.41e-05,5.81,-20.0,36
2017-01-05 12:00:00,41.0,-116.25,260.89142,0.0,8.404e-05,6.64,-20.0,36
2017-01-05 12:00:00,41.0,-115.625,260.26102,0.0,9.69e-05,6.664,-20.0,36
2017-01-05 12:00:00,41.0,-115.0,259.60834,0.0,0.0001824,4.875,-20.0,36
2017-01-05 12:00:00,41.0,-114.375,260.9086,0.0,3.35e-05,5.082,-20.0,36
2017-01-05 12:00:00,41.0,-113.75,263.89636,0.0,9e-07,6.234,-20.0,36
2017-01-05 12:00:00,41.5,-123.75,268.98575,0.0,0.0,6.07,-20.0,36
2017-01-05 12:00:00,41.5,-123.125,261.91125,0.0,1.5e-06,5.76,-20.0,36
2017-01-05 12:00:00,41.5,-122.5,260.4358,0.0,6.85e-06,5.727,-20.0,36
2017-01-05 12:00:00,41.5,-121.875,260.2757,0.0,3.22e-05,7.277,-20.0,36
2017-01-05 12:00:00,41.5,-121.25,259.92236,0.0,2.04e-05,8.836,-20.0,36
2017-01-05 12:00:00,41.5,-120.625,259.65735,0.0,8.1e-06,9.66,-20.0,36
2017-01-05 12:00:00,41.5,-120.0,258.71594,0.0,1.603e-05,9.35,-20.0,36
2017-01-05 12:00:00,41.5,-119.375,257.48572,0.0,3.225e-05,8.47,-20.0,36
2017-01-05 12:00:00,41.5,-118.75,258.89026,0.0,3.445e-05,7.48,-20.0,36
2017-01-05 12:00:00,41.5,-118.125,258.69238,0.0,1.204e-05,8.28,-20.0,36
2017-01-05 12:00:00,41.5,-117.5,259.09302,0.0,2e-06,8.78,-20.0,36
2017-01-05 12:00:00,41.5,-116.875,258.90625,0.0,5e-07,8.07,-20.0,36
2017-01-05 12:00:00,41.5,-116.25,256.90582,0.0,1.67e-06,7.31,-20.0,36
2017-01-05 12:00:00,41.5,-115.625,255.75438,0.0,1.8e-06,7.348,-20.0,36
2017-01-05 12:00:00,41.5,-115.0,255.3097,0.0,2.26e-06,6.26,-20.0,36
2017-01-05 12:00:00,41.5,-114.375,256.33835,0.0,6e-07,7.027,-20.0,36
2017-01-05 12:00:00,41.5,-113.75,257.53806,0.0,0.0,9.195,-20.0,36
2017-01-05 12:00:00,42.0,-123.75,268.2134,0.0,0.0,6.07,-20.0,36
2017-01-05 12:00:00,42.0,-123.125,262.48502,0.0,0.0,5.75,-20.0,36
2017-01-05 12:00:00,42.0,-122.5,260.49017,0.0,1.13e-06,5.742,-20.0,36
2017-01-05 12:00:00,42.0,-121.875,260.664,0.0,2.26e-06,7.184,-20.0,36
2017-01-05 12:00:00,42.0,-121.25,260.10608,0.0,2.9e-06,7.93,-20.0,36
2017-01-05 12:00:00,42.0,-120.625,259.9837,0.0,2.29e-05,8.58,-20.0,36
2017-01-05 12:00:00,42.0,-120.0,259.4141,0.0,4.053e-05,8.52,-20.0,36
2017-01-05 12:00:00,42.0,-119.375,258.71497,0.0,8.47e-05,7.75,-20.0,36
2017-01-05 12:00:00,42.0,-118.75,258.27344,0.0,2.44e-05,5.79,-20.0,36
2017-01-05 12:00:00,42.0,-118.125,257.28732,0.0,2.605e-05,8.195,-20.0,36
2017-01-05 12:00:00,42.0,-117.5,255.72665,0.0,3.04e-06,9.69,-20.0,36
2017-01-05 12:00:00,42.0,-116.875,254.87811,0.0,5e-07,9.59,-20.0,36
2017-01-05 12:00:00,42.0,-116.25,253.03506,0.0,1e-07,8.695,-20.0,36
2017-01-05 12:00:00,42.0,-115.625,251.323,0.0,0.0,6.938,-20.0,36
2017-01-05 12:00:00,42.0,-115.0,250.5864,0.0,0.0,6.277,-20.0,36
2017-01-05 12:00:00,42.0,-114.375,250.22064,0.0,0.0,6.223,-20.0,36
2017-01-05 12:00:00,42.0,-113.75,251.05151,0.0,0.0,8.47,-20.0,36
2017-01-06 00:00:00,32.5,-123.75,270.60733,0.8,5.5e-06,7.156,-20.0,48
2017-01-06 00:00:00,32.5,-123.125,270.60733,0.8,7.3e-06,7.36,-20.0,48
2017-01-06 00:00:00,32.5,-122.5,270.60733,0.8,8.4e-06,7.54,-20.0,48
2017-01-06 00:00:00,32.5,-121.875,270.60733,0.8,9.9e-06,7.793,-20.0,48
2017-01-06 00:00:00,32.5,-121.25,270.60733,0.8,5.36e-06,7.992,-20.0,48
2017-01-06 00:00:00,32.5,-120.625,270.60733,0.8,8.4e-06,8.14,-20.0,48
2017-01-06 00:00:00,32.5,-120.0,270.60733,0.8,9.8e-06,8.71,-20.0,48
2017-01-06 00:00:00,32.5,-119.375,270.60733,0.8,2.8e-06,8.83,-20.0,48
2017-01-06 00:00:00,32.5,-118.75,283.75684,0.8,1.19e-05,8.586,-20.0,48
2017-01-06 00:00:00,32.5,-118.125,284.0341,0.8,1.12e-05,7.273,-20.0,48
2017-01-06 00:00:00,32.5,-117.5,284.5258,0.2114,0.0001978,6.113,-20.0,48
2017-01-06 00:00:00,32.5,-116.875,283.8125,0.2124,0.0004406,6.895,-20.0,48
2017-01-06 00:00:00,32.5,-116.25,282.7032,0.1417,0.0002024,12.47,-20.0,48
2017-01-06 00:00:00,32.5,-115.625,285.65906,0.2279,1.2e-05,10.39,-20.0,48
2017-01-06 00:00:00,32.5,-115.0,284.87454,0.1785,8e-07,7.598,1.286,48
2017-01-06 00:00:00,32.5,-114.375,284.85596,0.1487,2.4e-07,9.164,-20.0,48
2017-01-06 00:00:00,32.5,-113.75,284.17487,0.1285,6e-08,8.61,-20.0,48
2017-01-06 00:00:00,33.0,-123.75,270.60733,0.8,3.6e-06,6.926,-20.0,48
2017-01-06 00:00:00,33.0,-123.125,270.60733,0.8,5.25e-06,7.332,-20.0,48
2017-01-06 00:00:00,33.0,-122.5,270.60733,0.8,3.6e-06,7.695,-20.0,48
2017-01-06 00:00:00,33.0,-121.875,270.60733,0.8,5.54e-06,8.016,-20.0,48
2017-01-06 00:00:00,33.0,-121.25,270.60733,0.8,3.7e-06,8.4,-20.0,48
2017-01-06 00:00:00,33.0,-120.625,270.60733,0.8,9e-07,8.69,-20.0,48
2017-01-06 00:00:00,33.0,-120.0,270.60733,0.8,9e-07,9.25,-20.0,48
2017-01-06 00:00:00,33.0,-119.375,282.94183,0.1837,1.1e-06,9.48,-20.0,48
2017-01-06 00:00:00,33.0,-118.75,283.56595,0.2632,1.26e-05,9.195,-20.0,48
2017-01-06 00:00:00,33.0,-118.125,283.8501,0.1831,3.576e-05,8.52,-20.0,48
2017-01-06 00:00:00,33.0,-117.5,284.4258,0.2363,0.0002482,7.336,-20.0,48
2017-01-06 00:00:00,33.0,-116.875,283.03625,0.2373,0.000396,9.77,-20.0,48
2017-01-06 00:00:00,33.0,-116.25,283.82956,0.1392,0.00010324,13.445,-20.0,48
2017-01-06 00:00:00,33.0,-115.625,285.59308,0.2507,6.9e-06,10.1,0.857,48
2017-01-06 00:00:00,33.0,-115.0,284.46054,0.0707,1e-06,10.65,-20.0,48
2017-01-06 00:00:00,33.0,-114.375,285.2972,0.08466,9.5e-07,11.34,-20.0,48
2017-01-06 00:00:00,33.0,-113.75,285.38065,0.08044,9e-07,10.61,-20.0,48
2017-01-06 00:00:00,33.5,-123.75,270.60733,0.8,1.43e-06,6.42,-20.0,48
2017-01-06 00:00:00,33.5,-123.125,270.60733,0.8,5.4e-07,6.992,-20.0,48
2017-01-06 00:00:00,33.5,-122.5,270.60733,0.8,6e-07,7.637,-20.0,48
2017-01-06 00:00:00,33.5,-121.875,270.60733,0.8,1.13e-06,8.19,-20.0,48
2017-01-06 00:00:00,33.5,-121.25,270.60733,0.8,1e-06,8.96,-20.0,48
2017-01-06 00:00:00,33.5,-120.625,281.24808,0.8,8e-07,9.6,-20.0,48
2017-01-06 00:00:00,33.5,-120.0,281.93243,0.8,6.6e-07,10.016,-20.0,48
2017-01-06 00:00:00,33.5,-119.375,282.94183,0.2103,5e-07,9.92,-20.0,48
2017-01-06 00:00:00,33.5,-118.75,282.9891,0.1443,4.3e-06,9.78,-20.0,48
2017-01-06 00:00:00,33.5,-118.125,283.02112,0.1947,7.236e-05,8.29,-20.0,48
2017-01-06 00:00:00,33.5,-117.5,284.0678,0.2374,0.0003493,8.055,-20.0,48
2017-01-06 00:00:00,33.5,-116.875,281.92297,0.2108,0.000434,10.11,-20.0,48
2017-01-06 00:00:00,33.5,-116.25,282.34863,0.12225,7.623e-05,11.234,-20.0,48
2017-01-06 00:00:00,33.5,-115.625,282.42993,0.05554,5e-06,8.83,-20.0,48
2017-01-06 00:00:00,33.5,-115.0,284.37665,0.0687,1.13e-06,11.414,-20.0,48
2017-01-06 00:00:00,33.5,-114.375,284.46487,0.1054,2e-06,12.17,-20.0,48
2017-01-06 00:00:00,33.5,-113.75,284.16962,0.09357,7.5e-06,10.86,-20.0,48
2017-01-06 00:00:00,34.0,-123.75,270.60733,0.8,1.2e-06,6.184,-20.0,48
2017-01-06 00:00:00,34.0,-123.125,270.60733,0.8,2.4e-07,6.8,-20.0,48
2017-01-06 00:00:00,34.0,-122.5,270.60733,0.8,2e-07,7.773,-20.0,48
2017-01-06 00:00:00,34.0,-121.875,270.60733,0.8,3.6e-07,8.82,-20.0,48
2017-01-06 00:00:00,34.0,-121.25,270.60733,0.8,4e-07,9.68,-20.0,48
2017-01-06 00:00:00,34.0,-120.625,281.02332,0.8,5.4e-07,10.12,-20.0,48
2017-01-06 00:00:00,34.0,-120.0,281.56274,0.2654,7e-07,9.87,-20.0,48
2017-01-06 00:00:00,34.0,-119.375,282.4676,0.2345,1.9e-06,8.31,-20.0,48
2017-01-06 00:00:00,34.0,-118.75,281.1109,0.2196,2.8e-06,7.76,-20.0,48
2017-01-06 00:00:00,34.0,-118.125,280.94153,0.2208,5.835e-05,7.64,-20.0,48
2017-01-06 00:00:00,34.0,-117.5,281.09674,0.2274,0.0002162,8.04,0.2856,48
2017-01-06 00:00:00,34.0,-116.875,280.3514,0.2103,0.0002825,11.266,-20.0,48
2017-01-06 00:00:00,34.0,-116.25,279.57593,0.0859,5.585e-05,12.586,-20.0,48
2017-01-06 00:00:00,34.0,-115.625,280.83487,0.06064,6.3e-06,9.63,-20.0,48
2017-01-06 00:00:00,34.0,-115.0,283.27927,0.0626,1.3e-06,11.19,-20.0,48
2017-01-06 00:00:00,34.0,-114.375,283.8483,0.1061,5.4e-07,11.805,-20.0,48
2017-01-06 00:00:00,34.0,-113.75,283.25348,0.0751,2.12e-05,10.766,-20.0,48
2017-01-06 00:00:00,34.5,-123.75,270.60733,0.8,3.76e-06,6.117,-20.0,48
2017-01-06 00:00:00,34.5,-123.125,270.60733,0.8,1e-07,6.793,-20.0,48
2017-01-06 00:00:00,34.5,-122.5,270.60733,0.8,6e-08,7.875,-20.0,48
2017-01-06 00:00:00,34.5,-121.875,270.60733,0.8,1e-07,9.016,-20.0,48
2017-01-06 00:00:00,34.5,-121.25,280.13074,0.8,6e-08,9.914,-20.0,48
2017-01-06 00:00:00,34.5,-120.625,279.8145,0.8,2e-07,9.47,-20.0,48
2017-01-06 00:00:00,34.5,-120.0,279.43542,0.2544,7.57e-06,7.7,-20.0,48
2017-01-06 00:00:00,34.5,-119.375,278.73663,0.1974,1.067e-05,5.62,-20.0,48
2017-01-06 00:00:00,34.5,-118.75,278.04132,0.1836,8.7e-06,6.387,-20.0,48
2017-01-06 00:00:00,34.5,-118.125,277.93015,0.1307,2.08e-05,8.266,-20.0,48
2017-01-06 00:00:00,34.5,-117.5,277.87067,0.1024,4.81e-05,9.93,-20.0,48
2017-01-06 00:00:00,34.5,-116.875,278.3538,0.0949,3.016e-05,13.37,-20.0,48
2017-01-06 00:00:00,34.5,-116.25,280.51654,0.06128,9e-06,14.09,-20.0,48
2017-01-06 00:00:00,34.5,-115.625,281.1739,0.05984,2.86e-06,10.95,-20.0,48
2017-01-06 00:00:00,34.5,-115.0,281.52145,0.07227,1e-06,12.15,-20.0,48
2017-01-06 00:00:00,34.5,-114.375,282.15784,0.06573,8.1e-06,13.12,-20.0,48
2017-01-06 00:00:00,34.5,-113.75,281.44247,0.0812,0.0001484,11.28,-20.0,48
2017-01-06 00:00:00,35.0,-123.75,270.60733,0.8,0.0,6.06,-20.0,48
2017-01-06 00:00:00,35.0,-123.125,270.60733,0.8,0.0,6.8,-20.0,48
2017-01-06 00:00:00,35.0,-122.5,270.60733,0.8,0.0,8.25,-20.0,48
2017-01-06 00:00:00,35.0,-121.875,277.5514,0.8,1e-07,9.95,-20.0,48
2017-01-06 00:00:00,35.0,-121.25,278.83582,0.8,0.0,10.12,-20.0,48
2017-01-06 00:00:00,35.0,-120.625,278.1722,0.8,0.0,7.906,-20.0,48
2017-01-06 00:00:00,35.0,-120.0,278.01752,0.2053,2.325e-05,5.715,-20.0,48
2017-01-06 00:00:00,35.0,-119.375,278.47412,0.189,0.0001,6.305,-20.0,48
2017-01-06 00:00:00,35.0,-118.75,277.81708,0.2129,0.0001984,8.36,-20.0,48
2017-01-06 00:00:00,35.0,-118.125,275.46335,0.1075,7.06e-05,11.04,-20.0,48
2017-01-06 00:00:00,35.0,-117.5,276.24496,0.0817,7.4e-06,13.03,-20.0,48
2017-01-06 00:00:00,35.0,-116.875,277.59424,0.08344,3.7e-06,15.875,-20.0,48
2017-01-06 00:00:00,35.0,-116.25,280.13785,0.05988,1.3e-06,14.266,-20.0,48
2017-01-06 00:00:00,35.0,-115.625,277.97043,0.0838,4.35e-06,13.22,-20.0,48
2017-01-06 00:00:00,35.0,-115.0,279.49762,0.0821,1.7e-06,15.54,-20.0,48
2017-01-06 00:00:00,35.0,-114.375,280.2722,0.09436,1.204e-05,13.17,0.857,48
2017-01-06 00:00:00,35.0,-113.75,278.57907,0.0954,0.0003242,12.55,-20.0,48
2017-01-06 00:00:00,35.5,-123.75,270.60733,0.8,0.0,6.36,-20.0,48
2017-01-06 00:00:00,35.5,-123.125,270.60733,0.8,0.0,7.113,-20.0,48
2017-01-06 00:00:00,35.5,-122.5,270.60733,0.8,0.0,8.58,-20.0,48
2017-01-06 00:00:00,35.5,-121.875,276.5487,0.8,0.0,9.734,-20.0,48
2017-01-06 00:00:00,35.5,-121.25,276.96234,0.2852,6e-08,8.836,-20.0,48
2017-01-06 00:00:00,35.5,-120.625,275.67078,0.2866,0.0,6.273,-20.0,48
2017-01-06 00:00:00,35.5,-120.0,276.66794,0.2698,1.055e-05,4.79,-20.0,48
2017-01-06 00:00:00,35.5,-119.375,278.73584,0.144,7.83e-05,5.133,-20.0,48
2017-01-06 00:00:00,35.5,-118.75,277.1238,0.211,0.0002236,6.418,-20.0,48
2017-01-06 00:00:00,35.5,-118.125,272.27728,0.1257,7.284e-05,13.0,-20.0,48
2017-01-06 00:00:00,35.5,-117.5,274.65973,0.0757,3.3e-06,14.18,-20.0,48
2017-01-06 00:00:00,35.5,-116.875,276.12067,0.07043,2.15e-06,16.75,-20.0,48
2017-01-06 00:00:00,35.5,-116.25,277.66653,0.06586,9e-07,14.9,-20.0,48
2017-01-06 00:00:00,35.5,-115.625,275.6115,0.08887,1.67e-06,15.06,-20.0,48
2017-01-06 00:00:00,35.5,-115.0,277.31918,0.08875,1.13e-06,17.9,-20.0,48
2017-01-06 00:00:00,35.5,-114.375,278.55914,0.09814,3.46e-06,12.81,-20.0,48
2017-01-06 00:00:00,35.5,-113.75,276.9314,0.0838,0.0001991,13.68,-20.0,48
2017-01-06 00:00:00,36.0,-123.75,270.60733,0.8,0.0,6.43,-20.0,48
2017-01-06 00:00:00,36.0,-123.125,270.60733,0.8,0.0,7.082,-20.0,48
2017-01-06 00:00:00,36.0,-122.5,270.60733,0.8,0.0,7.8,-20.0,48
2017-01-06 00:00:00,36.0,-121.875,274.45868,0.2219,0.0,8.375,-20.0,48
2017-01-06 00:00:00,36.0,-121.25,273.66464,0.2186,0.0,7.367,-20.0,48
2017-01-06 00:00:00,36.0,-120.625,273.83,0.2534,0.0,5.656,-20.0,48
2017-01-06 00:00:00,36.0,-120.0,275.50128,0.1837,4e-07,5.984,0.857,48
2017-01-06 00:00:00,36.0,-119.375,276.8459,0.2108,2.16e-05,6.434,-20.0,48
2017-01-06 00:00:00,36.0,-118.75,270.5794,0.2228,3.505e-05,5.31,-20.0,48
2017-01-06 00:00:00,36.0,-118.125,267.60156,0.1053,9.06e-05,13.48,-20.0,48
2017-01-06 00:00:00,36.0,-117.5,271.08517,0.0673,2e-07,12.16,-20.0,48
2017-01-06 00:00:00,36.0,-116.875,275.36026,0.06274,2e-07,13.74,-20.0,48
2017-01-06 00:00:00,36.0,-116.25,276.17242,0.07996,1e-07,13.81,-20.0,48
2017-01-06 00:00:00,36.0,-115.625,273.93582,0.1014,4e-07,16.94,-20.0,48
2017-01-06 00:00:00,36.0,-115.0,278.8636,0.0753,2.4e-07,17.83,-20.0,48
2017-01-06 00:00:00,36.0,-114.375,278.5023,0.0728,5e-07,14.36,-20.0,48
2017-01-06 00:00:00,36.0,-113.75,275.81662,0.098,0.0003223,14.43,-20.0,48
2017-01-06 00:00:00,36.5,-123.75,270.60733,0.8,0.0,6.293,-20.0,48
2017-01-06 00:00:00,36.5,-123.125,270.60733,0.8,0.0,6.96,-20.0,48
2017-01-06 00:00:00,36.5,-122.5,270.60733,0.8,0.0,7.176,-20.0,48
2017-01-06 00:00:00,36.5,-121.875,274.14856,0.2306,0.0,6.043,-20.0,48
2017-01-06 00:00:00,36.5,-121.25,271.48132,0.2363,0.0,6.1,-20.0,48
2017-01-06 00:00:00,36.5,-120.625,272.63937,0.2212,0.0,7.17,-20.0,48
2017-01-06 00:00:00,36.5,-120.0,274.8767,0.1306,2e-07,6.863,-20.0,48
2017-01-06 00:00:00,36.5,-119.375,272.76257,0.277,2e-06,6.54,-20.0,48
2017-01-06 00:00:00,36.5,-118.75,264.18967,0.2717,5.037e-05,6.316,-20.0,48
2017-01-06 00:00:00,36.5,-118.125,258.20618,0.0692,4.9e-05,14.66,-20.0,48
2017-01-06 00:00:00,36.5,-117.5,268.50626,0.05865,0.0,8.3,-20.0,48
2017-01-06 00:00:00,36.5,-116.875,274.1189,0.05408,0.0,11.305,-20.0,48
2017-01-06 00:00:00,36.5,-116.25,273.74908,0.083,0.0,12.164,-20.0,48
2017-01-06 00:00:00,36.5,-115.625,271.5005,0.08795,6e-08,15.64,-20.0,48
2017-01-06 00:00:00,36.5,-115.0,274.54718,0.08624,5e-07,14.4,-20.0,48
2017-01-06 00:00:00,36.5,-114.375,276.99326,0.09064,3.13e-05,14.54,-20.0,48
2017-01-06 00:00:00,36.5,-113.75,273.9431,0.11163,0.0007606,16.28,-20.0,48
2017-01-06 00:00:00,37.0,-123.75,270.60733,0.8,0.0,6.195,-20.0,48
2017-01-06 00:00:00,37.0,-123.125,270.60733,0.8,0.0,6.54,-20.0,48
2017-01-06 00:00:00,37.0,-122.5,274.45792,0.2854,0.0,6.21,-20.0,48
2017-01-06 00:00:00,37.0,-121.875,272.24573,0.2961,0.0,4.977,-20.0,48
2017-01-06 00:00:00,37.0,-121.25,271.77097,0.2844,0.0,5.82,-20.0,48
2017-01-06 00:00:00,37.0,-120.625,273.63165,0.2012,0.0,7.367,1.143,48
2017-01-06 00:00:00,37.0,-120.0,273.46918,0.2385,1e-07,5.785,0.2856,48
2017-01-06 00:00:00,37.0,-119.375,264.96277,0.25,1.25e-06,7.918,-20.0,48
2017-01-06 00:00:00,37.0,-118.75,251.68913,0.1946,6.03e-05,10.14,-20.0,48
2017-01-06 00:00:00,37.0,-118.125,255.79797,0.0797,1e-07,11.03,-20.0,48
2017-01-06 00:00:00,37.0,-117.5,268.07153,0.05838,0.0,11.03,-20.0,48
2017-01-06 00:00:00,37.0,-116.875,270.60156,0.04947,0.0,13.66,-20.0,48
2017-01-06 00:00:00,37.0,-116.25,270.50934,0.0,0.0,12.586,-20.0,48
2017-01-06 00:00:00,37.0,-115.625,270.81317,0.0813,0.0,13.164,-20.0,48
2017-01-06 00:00:00,37.0,-115.0,271.74762,0.07947,1.264e-05,11.37,-20.0,48
2017-01-06 00:00:00,37.0,-114.375,273.44772,0.0908,0.000111,13.46,-20.0,48
2017-01-06 00:00:00,37.0,-113.75,272.88757,0.08124,0.0009127,13.47,-20.0,48
2017-01-06 00:00:00,37.5,-123.75,270.60733,0.8,0.0,6.363,-20.0,48
2017-01-06 00:00:00,37.5,-123.125,275.38928,0.8,0.0,5.95,-20.0,48
2017-01-06 00:00:00,37.5,-122.5,273.85327,0.256,0.0,5.992,-20.0,48
2017-01-06 00:00:00,37.5,-121.875,271.13617,0.2463,0.0,5.0,-20.0,48
2017-01-06 00:00:00,37.5,-121.25,272.0016,0.2468,0.0,6.63,-20.0,48
2017-01-06 00:00:00,37.5,-120.625,273.0301,0.0,0.0,7.09,-20.0,48
2017-01-06 00:00:00,37.5,-120.0,266.20126,0.237,4.2e-06,5.668,-20.0,48
2017-01-06 00:00:00,37.5,-119.375,254.99548,0.2021,6.8e-05,7.48,-20.0,48
2017-01-06 00:00:00,37.5,-118.75,245.87431,0.0,3.356e-05,10.53,-20.0,48
2017-01-06 00:00:00,37.5,-118.125,256.5324,0.0,1.18e-05,8.85,-20.0,48
2017-01-06 00:00:00,37.5,-117.5,266.10504,0.0,6e-08,11.54,-20.0,48
2017-01-06 00:00:00,37.5,-116.875,267.57892,0.0,0.0,12.6,-20.0,48
2017-01-06 00:00:00,37.5,-116.25,267.68552,0.0,0.0,12.414,-20.0,48
2017-01-06 00:00:00,37.5,-115.625,268.30957,0.0877,0.0,11.7,-20.0,48
2017-01-06 00:00:00,37.5,-115.0,269.00446,0.0891,4.26e-05,10.5,-20.0,48
2017-01-06 00:00:00,37.5,-114.375,267.89355,0.1115,0.0005836,13.1,-20.0,48
2017-01-06 00:00:00,37.5,-113.75,266.12866,0.11993,0.002037,16.98,-20.0,48
2017-01-06 00:00:00,38.0,-123.75,270.60733,0.8,0.0,6.863,-20.0,48
2017-01-06 00:00:00,38.0,-123.125,273.60098,0.0,0.0,6.61,-20.0,48
2017-01-06 00:00:00,38.0,-122.5,272.8235,0.2147,0.0,6.496,-20.0,48
2017-01-06 00:00:00,38.0,-121.875,271.8631,0.3064,0.0,6.434,-20.0,48
2017-01-06 00:00:00,38.0,-121.25,272.80157,0.0,0.0,6.395,-20.0,48
2017-01-06 00:00:00,38.0,-120.625,270.14886,0.2559,1.7e-06,6.195,-20.0,48
2017-01-06 00:00:00,38.0,-120.0,260.81195,0.0,5.1e-06,7.336,-20.0,48
2017-01-06 00:00:00,38.0,-119.375,248.19664,0.0,6.15e-05,5.34,-20.0,48
2017-01-06 00:00:00,38.0,-118.75,253.06352,0.0,1.55e-05,7.832,-20.0,48
2017-01-06 00:00:00,38.0,-118.125,263.39474,0.0,2.116e-05,9.445,-20.0,48
2017-01-06 00:00:00,38.0,-117.5,266.27673,0.0,2.4e-07,11.17,-20.0,48
2017-01-06 00:00:00,38.0,-116.875,266.72284,0.0,2e-07,11.62,-20.0,48
2017-01-06 00:00:00,38.0,-116.25,266.8132,0.0817,6e-08,10.234,-20.0,48
2017-01-06 00:00:00,38.0,-115.625,266.40515,0.0832,6e-08,11.13,-20.0,48
2017-01-06 00:00:00,38.0,-115.0,267.0227,0.08203,2.68e-05,10.375,-20.0,48
2017-01-06 00:00:00,38.0,-114.375,265.51294,0.0926,0.0003614,10.93,-20.0,48
2017-01-06 00:00:00,38.0,-113.75,263.6828,0.0,0.000825,13.086,-20.0,48
2017-01-06 00:00:00,38.5,-123.75,272.92722,0.0,0.0,6.44,-20.0,48
2017-01-06 00:00:00,38.5,-123.125,272.32776,0.3513,0.0,6.164,-20.0,48
2017-01-06 00:00:00,38.5,-122.5,271.055,0.0,4e-07,7.84,-20.0,48
2017-01-06 00:00:00,38.5,-121.875,271.97766,-0.00121,0.0,8.32,-20.0,48
2017-01-06 00:00:00,38.5,-121.25,272.2917,0.2355,6e-08,8.22,-20.0,48
2017-01-06 00:00:00,38.5,-120.625,267.42786,0.0,3.7e-06,9.875,-20.0,48
2017-01-06 00:00:00,38.5,-120.0,257.26578,0.0,2.414e-05,8.32,-20.0,48
2017-01-06 00:00:00,38.5,-119.375,255.70293,0.0,4.417e-05,4.75,-20.0,48
2017-01-06 00:00:00,38.5,-118.75,261.79883,0.0,7.135e-05,8.64,-20.0,48
2017-01-06 00:00:00,38.5,-118.125,264.1337,0.0,7.6e-06,9.82,-20.0,48
2017-01-06 00:00:00,38.5,-117.5,262.54028,0.0,6.26e-06,9.84,-20.0,48
2017-01-06 00:00:00,38.5,-116.875,261.06326,0.0,7e-06,9.6,-20.0,48
2017-01-06 00:00:00,38.5,-116.25,263.91733,0.07007,3e-07,10.12,-20.0,48
2017-01-06 00:00:00,38.5,-115.625,265.39563,0.0853,1e-07,10.3,-20.0,48
2017-01-06 00:00:00,38.5,-115.0,263.53613,0.0849,3.6e-06,9.234,-20.0,48
2017-01-06 00:00:00,38.5,-114.375,261.28717,0.0,4.61e-05,8.85,-20.0,48
2017-01-06 00:00:00,38.5,-113.75,259.75037,0.0,0.000219,10.33,-20.0,48
2017-01-06 00:00:00,39.0,-123.75,272.352,0.0,0.0,5.176,-20.0,48
2017-01-06 00:00:00,39.0,-123.125,270.19586,0.0,0.0,5.76,-20.0,48
2017-01-06 00:00:00,39.0,-122.5,270.30756,0.0,3e-07,8.875,1.714,48
2017-01-06 00:00:00,39.0,-121.875,271.6172,0.1148,0.0,8.37,-20.0,48
2017-01-06 00:00:00,39.0,-121.25,271.57166,0.1451,2.3e-06,9.08,-20.0,48
2017-01-06 00:00:00,39.0,-120.625,265.46716,0.0,5.4e-06,9.984,-20.0,48
2017-01-06 00:00:00,39.0,-120.0,253.59335,0.0,1.67e-05,6.82,-20.0,48
2017-01-06 00:00:00,39.0,-119.375,258.99335,0.0,3.63e-05,6.598,-20.0,48
2017-01-06 00:00:00,39.0,-118.75,258.58948,0.0,5.54e-06,7.93,-20.0,48
2017-01-06 00:00:00,39.0,-118.125,262.74597,0.0,5.25e-06,7.98,-20.0,48
2017-01-06 00:00:00,39.0,-117.5,256.31354,0.0,1.88e-05,7.65,-20.0,48
2017-01-06 00:00:00,39.0,-116.875,253.25574,0.0,2.84e-05,7.508,-20.0,48
2017-01-06 00:00:00,39.0,-116.25,256.4953,0.0,1.9e-05,9.82,-20.0,48
2017-01-06 00:00:00,39.0,-115.625,257.97427,0.0,7.33e-06,10.164,-20.0,48
2017-01-06 00:00:00,39.0,-115.0,255.7316,0.0,1.3e-06,7.582,-20.0,48
2017-01-06 00:00:00,39.0,-114.375,254.77052,0.0,4.7e-06,6.277,-20.0,48
2017-01-06 00:00:00,39.0,-113.75,256.36288,0.0,3.48e-05,6.85,-20.0,48
2017-01-06 00:00:00,39.5,-123.75,271.80347,0.0,0.0,5.78,-20.0,48
2017-01-06 00:00:00,39.5,-123.125,267.78094,0.0,0.0,5.086,-20.0,48
2017-01-06 00:00:00,39.5,-122.5,269.89682,0.0,0.0,8.66,-20.0,48
2017-01-06 00:00:00,39.5,-121.875,270.8593,0.0,0.0,8.28,-20.0,48
2017-01-06 00:00:00,39.5,-121.25,267.5523,0.0,0.0,10.38,-20.0,48
2017-01-06 00:00:00,39.5,-120.625,260.60577,0.0,3.5e-06,8.805,-20.0,48
2017-01-06 00:00:00,39.5,-120.0,249.49571,0.0,4.5e-06,4.973,-20.0,48
2017-01-06 00:00:00,39.5,-119.375,257.11176,0.0,1.25e-06,6.125,-20.0,48
2017-01-06 00:00:00,39.5,-118.75,260.32626,0.0,1e-07,6.973,-20.0,48
2017-01-06 00:00:00,39.5,-118.125,262.01346,0.0,5.8e-06,6.34,-20.0,48
2017-01-06 00:00:00,39.5,-117.5,253.39429,0.0,1.49e-05,6.258,-20.0,48
2017-01-06 00:00:00,39.5,-116.875,247.81354,0.0,1.144e-05,6.008,-20.0,48
2017-01-06 00:00:00,39.5,-116.25,248.16022,0.0,4.3e-06,6.59,-20.0,48
2017-01-06 00:00:00,39.5,-115.625,249.86952,0.0,6e-07,5.855,-20.0,48
2017-01-06 00:00:00,39.5,-115.0,248.13644,0.0,1.85e-06,5.316,-20.0,48
2017-01-06 00:00:00,39.5,-114.375,251.43484,0.0,3e-06,5.25,-20.0,48
2017-01-06 00:00:00,39.5,-113.75,254.66815,0.0,3.2e-06,6.27,-20.0,48
2017-01-06 00:00:00,40.0,-123.75,269.4745,0.0,0.0,6.367,-20.0,48
2017-01-06 00:00:00,40.0,-123.125,263.79465,0.0,0.0,5.2,-20.0,48
2017-01-06 00:00:00,40.0,-122.5,268.16852,0.0,0.0,8.29,-20.0,48
2017-01-06 00:00:00,40.0,-121.875,268.51022,0.0,0.0,11.04,0.857,48
2017-01-06 00:00:00,40.0,-121.25,261.62003,0.0,0.0,9.47,-20.0,48
2017-01-06 00:00:00,40.0,-120.625,252.42941,0.0,6e-08,6.297,-20.0,48
2017-01-06 00:00:00,40.0,-120.0,249.41512,0.0,3.6e-07,4.066,-20.0,48
2017-01-06 00:00:00,40.0,-119.375,255.68976,0.0,0.0,5.555,-20.0,48
2017-01-06 00:00:00,40.0,-118.75,258.61084,0.0,0.0,6.953,-20.0,48
2017-01-06 00:00:00,40.0,-118.125,260.99237,0.0,0.0,6.008,-20.0,48
2017-01-06 00:00:00,40.0,-117.5,256.49902,0.0,1.5e-06,5.47,-20.0,48
2017-01-06 00:00:00,40.0,-116.875,248.46587,0.0,7e-07,5.15,-20.0,48
2017-01-06 00:00:00,40.0,-116.25,241.08316,0.0,2.4e-07,4.96,-20.0,48
2017-01-06 00:00:00,40.0,-115.625,240.73964,0.0,1.5e-06,4.664,-20.0,48
2017-01-06 00:00:00,40.0,-115.0,239.7537,0.0,6e-07,4.082,-20.0,48
2017-01-06 00:00:00,40.0,-114.375,251.34584,0.0,3e-07,4.86,-20.0,48
2017-01-06 00:00:00,40.0,-113.75,256.2278,0.0,1.6e-06,5.83,-20.0,48
2017-01-06 00:00:00,40.5,-123.75,265.46735,0.0,0.0,6.098,-20.0,48
2017-01-06 00:00:00,40.5,-123.125,258.74994,0.0,0.0,4.684,-20.0,48
2017-01-06 00:00:00,40.5,-122.5,265.09778,0.0,0.0,6.668,-20.0,48
2017-01-06 00:00:00,40.5,-121.875,265.77692,0.0,0.0,9.02,-20.0,48
2017-01-06 00:00:00,40.5,-121.25,256.408,0.0,0.0,8.98,-20.0,48
2017-01-06 00:00:00,40.5,-120.625,248.97176,0.0,0.0,5.633,-20.0,48
2017-01-06 00:00:00,40.5,-120.0,252.20107,0.0,0.0,5.508,-20.0,48
2017-01-06 00:00:00,40.5,-119.375,255.27332,0.0,0.0,6.004,-20.0,48
2017-01-06 00:00:00,40.5,-118.75,256.0409,0.0,0.0,7.2,-20.0,48
2017-01-06 00:00:00,40.5,-118.125,256.7176,0.0,0.0,6.293,-20.0,48
2017-01-06 00:00:00,40.5,-117.5,252.97523,0.0,0.0,5.617,-20.0,48
2017-01-06 00:00:00,40.5,-116.875,250.04431,0.0,0.0,4.293,-20.0,48
2017-01-06 00:00:00,40.5,-116.25,240.08142,0.0,0.0,3.883,-20.0,48
2017-01-06 00:00:00,40.5,-115.625,236.8149,0.0,0.0,3.645,-20.0,48
2017-01-06 00:00:00,40.5,-115.0,237.2906,0.0,0.0,4.0,-20.0,48
2017-01-06 00:00:00,40.5,-114.375,244.62903,0.0,0.0,6.508,-20.0,48
2017-01-06 00:00:00,40.5,-113.75,256.77856,0.0,1.9e-06,6.516,-20.0,48
2017-01-06 00:00:00,41.0,-123.75,264.31046,0.0,0.0,6.1,-20.0,48
2017-01-06 00:00:00,41.0,-123.125,252.81152,0.0,0.0,5.305,-20.0,48
2017-01-06 00:00:00,41.0,-122.5,256.4595,0.0,0.0,6.645,-20.0,48
2017-01-06 00:00:00,41.0,-121.875,261.13412,0.0,0.0,7.67,-20.0,48
2017-01-06 00:00:00,41.0,-121.25,255.8568,0.0,0.0,9.95,-20.0,48
2017-01-06 00:00:00,41.0,-120.625,249.3093,0.0,0.0,9.15,-20.0,48
2017-01-06 00:00:00,41.0,-120.0,246.27628,0.0,0.0,5.953,-20.0,48
2017-01-06 00:00:00,41.0,-119.375,248.31514,0.0,0.0,5.785,-20.0,48
2017-01-06 00:00:00,41.0,-118.75,252.54155,0.0,2e-07,6.348,-20.0,48
2017-01-06 00:00:00,41.0,-118.125,248.99973,0.0,5e-07,5.938,-20.0,48
2017-01-06 00:00:00,41.0,-117.5,246.58746,0.0,0.0,5.33,-20.0,48
2017-01-06 00:00:00,41.0,-116.875,243.00067,0.0,0.0,4.68,-20.0,48
2017-01-06 00:00:00,41.0,-116.25,237.50946,0.0,0.0,4.305,-20.0,48
2017-01-06 00:00:00,41.0,-115.625,236.42601,0.0,0.0,4.746,-20.0,48
2017-01-06 00:00:00,41.0,-115.0,236.65775,0.0,0.0,4.29,-20.0,48
2017-01-06 00:00:00,41.0,-114.375,243.436,0.0,0.0,7.04,-20.0,48
2017-01-06 00:00:00,41.0,-113.75,251.91797,0.0,2e-07,7.812,-20.0,48
2017-01-06 00:00:00,41.5,-123.75,263.9789,0.0,0.0,5.88,-20.0,48
2017-01-06 00:00:00,41.5,-123.125,253.72891,0.0,0.0,5.324,-20.0,48
2017-01-06 00:00:00,41.5,-122.5,249.47464,0.0,0.0,5.875,-20.0,48
2017-01-06 00:00:00,41.5,-121.875,252.71063,0.0,1e-07,7.562,-20.0,48
2017-01-06 00:00:00,41.5,-121.25,250.06119,0.0,1.67e-06,7.316,-20.0,48
2017-01-06 00:00:00,41.5,-120.625,248.63834,0.0,0.0,10.336,-20.0,48
2017-01-06 00:00:00,41.5,-120.0,244.64026,0.0,0.0,9.305,-20.0,48
2017-01-06 00:00:00,41.5,-119.375,242.00792,0.0,5e-07,5.566,-20.0,48
2017-01-06 00:00:00,41.5,-118.75,240.36435,0.0,6e-08,4.242,-20.0,48
2017-01-06 00:00:00,41.5,-118.125,240.09021,0.0,9.5e-07,5.164,-20.0,48
2017-01-06 00:00:00,41.5,-117.5,239.27336,0.0,0.0,6.137,-20.0,48
2017-01-06 00:00:00,41.5,-116.875,239.1287,0.0,0.0,6.797,-20.0,48
2017-01-06 00:00:00,41.5,-116.25,235.56401,0.0,0.0,4.89,-20.0,48
2017-01-06 00:00:00,41.5,-115.625,234.36607,0.0,0.0,4.793,-20.0,48
2017-01-06 00:00:00,41.5,-115.0,236.62674,0.0,0.0,5.67,-20.0,48
2017-01-06 00:00:00,41.5,-114.375,240.43716,0.0,0.0,7.56,-20.0,48
2017-01-06 00:00:00,41.5,-113.75,244.96494,0.0,0.0,10.5,-20.0,48
2017-01-06 00:00:00,42.0,-123.75,262.62347,0.0,0.0,5.547,-20.0,48
2017-01-06 00:00:00,42.0,-123.125,256.94562,0.0,0.0,6.492,-20.0,48
2017-01-06 00:00:00,42.0,-122.5,254.30724,0.0,9.5e-07,6.793,-20.0,48
2017-01-06 00:00:00,42.0,-121.875,251.65775,0.0,2e-07,8.15,-20.0,48
2017-01-06 00:00:00,42.0,-121.25,250.88043,0.0,0.0,9.04,-20.0,48
2017-01-06 00:00:00,42.0,-120.625,246.24835,0.0,0.0,7.863,-20.0,48
2017-01-06 00:00:00,42.0,-120.0,243.9484,0.0,0.0,9.71,-20.0,48
2017-01-06 00:00:00,42.0,-119.375,243.31271,0.0,3e-07,10.0,-20.0,48
2017-01-06 00:00:00,42.0,-118.75,241.56537,0.0,3e-07,7.523,-20.0,48
2017-01-06 00:00:00,42.0,-118.125,238.89255,0.0,2e-07,6.684,-20.0,48
2017-01-06 00:00:00,42.0,-117.5,238.59216,0.0,0.0,7.38,-20.0,48
2017-01-06 00:00:00,42.0,-116.875,238.08902,0.0,0.0,7.99,-20.0,48
2017-01-06 00:00:00,42.0,-116.25,237.34982,0.0,0.0,7.78,-20.0,48
2017-01-06 00:00:00,42.0,-115.625,235.82632,0.0,0.0,5.758,-20.0,48
2017-01-06 00:00:00,42.0,-115.0,236.92377,0.0,0.0,4.992,-20.0,48
2017-01-06 00:00:00,42.0,-114.375,238.45496,0.0,0.0,6.105,-20.0,48
2017-01-06 00:00:00,42.0,-113.75,239.36156,0.0,6e-08,6.69,-20.0,48
