timestamp,lat,lon,T2M,MIR,PRECTOT,SPEEDMAX,fire_count,timestep
2017-11-15 00:00:00,32.5,-123.75,290.5,0.8,0.0,6.27,-20.0,12
2017-11-15 00:00:00,32.5,-123.125,290.8,0.8,0.0,7.55,-20.0,12
2017-11-15 00:00:00,32.5,-122.5,291.0,0.8,0.0,8.82,-20.0,12
2017-11-15 00:00:00,32.5,-121.875,290.5,0.8,0.0,9.99,-20.0,12
2017-11-15 00:00:00,32.5,-121.25,290.5,0.8,0.0,10.61,-20.0,12
2017-11-15 00:00:00,32.5,-120.625,290.5,0.8,0.0,10.945,-20.0,12
2017-11-15 00:00:00,32.5,-120.0,290.5,0.8,0.0,10.77,-20.0,12
2017-11-15 00:00:00,32.5,-119.375,290.5,0.8,0.0,10.19,-20.0,12
2017-11-15 00:00:00,32.5,-118.75,291.0,0.8,0.0,9.14,-20.0,12
2017-11-15 00:00:00,32.5,-118.125,291.5,0.8,0.0,8.01,-20.0,12
2017-11-15 00:00:00,32.5,-117.5,292.0,0.1443,0.0,7.668,-20.0,12
2017-11-15 00:00:00,32.5,-116.875,291.8,0.1672,0.0,6.625,-20.0,12
2017-11-15 00:00:00,32.5,-116.25,291.5,0.1439,0.0,3.848,-20.0,12
2017-11-15 00:00:00,32.5,-115.625,295.0,0.1744,0.0,4.586,-20.0,12
2017-11-15 00:00:00,32.5,-115.0,294.2,0.164,0.0,5.258,-20.0,12
2017-11-15 00:00:00,32.5,-114.375,293.0,0.1517,0.0,5.63,-20.0,12
2017-11-15 00:00:00,32.5,-113.75,292.5,0.1547,0.0,5.81,-20.0,12
2017-11-15 00:00:00,33.0,-123.75,290.0,0.8,0.0,5.836,-20.0,12
2017-11-15 00:00:00,33.0,-123.125,290.0,0.8,0.0,7.223,-20.0,12
2017-11-15 00:00:00,33.0,-122.5,290.5,0.8,0.0,8.64,-20.0,12
2017-11-15 00:00:00,33.0,-121.875,290.5,0.8,0.0,9.945,-20.0,12
2017-11-15 00:00:00,33.0,-121.25,290.5,0.8,0.0,10.68,-20.0,12
2017-11-15 00:00:00,33.0,-120.625,290.0,0.8,0.0,11.06,-20.0,12
2017-11-15 00:00:00,33.0,-120.0,290.0,0.8,0.0,11.05,-20.0,12
2017-11-15 00:00:00,33.0,-119.375,290.5,0.11597,0.0,10.61,-20.0,12
2017-11-15 00:00:00,33.0,-118.75,291.0,0.1171,1e-07,8.695,-20.0,12
2017-11-15 00:00:00,33.0,-118.125,291.5,0.0906,1.4e-06,6.797,-20.0,12
2017-11-15 00:00:00,33.0,-117.5,291.5,0.1917,0.0,6.582,-20.0,12
2017-11-15 00:00:00,33.0,-116.875,290.5,0.1975,0.0,6.38,-20.0,12
2017-11-15 00:00:00,33.0,-116.25,293.5,0.1414,0.0,3.072,-20.0,12
2017-11-15 00:00:00,33.0,-115.625,294.5,0.2332,0.0,5.117,-20.0,12
2017-11-15 00:00:00,33.0,-115.0,292.0,0.0804,0.0,7.28,-20.0,12
2017-11-15 00:00:00,33.0,-114.375,292.0,0.0942,0.0,5.59,-20.0,12
2017-11-15 00:00:00,33.0,-113.75,292.0,0.09766,0.0,6.43,-20.0,12
2017-11-15 00:00:00,33.5,-123.75,289.8,0.8,0.0,5.523,-20.0,12
2017-11-15 00:00:00,33.5,-123.125,289.8,0.8,0.0,6.914,-20.0,12
2017-11-15 00:00:00,33.5,-122.5,290.0,0.8,0.0,8.34,-20.0,12
2017-11-15 00:00:00,33.5,-121.875,290.0,0.8,0.0,9.766,-20.0,12
2017-11-15 00:00:00,33.5,-121.25,290.0,0.8,0.0,10.6,-20.0,12
2017-11-15 00:00:00,33.5,-120.625,289.5,0.8,0.0,11.445,-20.0,12
2017-11-15 00:00:00,33.5,-120.0,290.0,0.8,0.0,12.086,-20.0,12
2017-11-15 00:00:00,33.5,-119.375,291.0,0.0624,0.0,10.734,-20.0,12
2017-11-15 00:00:00,33.5,-118.75,292.0,0.1431,1e-07,8.3,-20.0,12
2017-11-15 00:00:00,33.5,-118.125,291.2,0.171,2.56e-06,6.258,-20.0,12
2017-11-15 00:00:00,33.5,-117.5,290.0,0.1818,0.0,4.445,-20.0,12
2017-11-15 00:00:00,33.5,-116.875,287.8,0.1926,0.0,3.771,-20.0,12
2017-11-15 00:00:00,33.5,-116.25,292.0,0.134,0.0,2.83,-20.0,12
2017-11-15 00:00:00,33.5,-115.625,291.0,0.0745,0.0,4.86,-20.0,12
2017-11-15 00:00:00,33.5,-115.0,290.5,0.0853,0.0,5.68,-20.0,12
2017-11-15 00:00:00,33.5,-114.375,290.5,0.1184,0.0,5.25,-20.0,12
2017-11-15 00:00:00,33.5,-113.75,289.5,0.1028,0.0,6.098,-20.0,12
2017-11-15 00:00:00,34.0,-123.75,289.5,0.8,0.0,5.133,-20.0,12
2017-11-15 00:00:00,34.0,-123.125,289.5,0.8,0.0,6.55,-20.0,12
2017-11-15 00:00:00,34.0,-122.5,289.5,0.8,0.0,8.11,-20.0,12
2017-11-15 00:00:00,34.0,-121.875,289.5,0.8,0.0,9.52,-20.0,12
2017-11-15 00:00:00,34.0,-121.25,289.5,0.8,0.0,10.46,-20.0,12
2017-11-15 00:00:00,34.0,-120.625,289.5,0.8,0.0,11.65,-20.0,12
2017-11-15 00:00:00,34.0,-120.0,290.2,0.1367,0.0,11.5,-20.0,12
2017-11-15 00:00:00,34.0,-119.375,292.0,0.1849,0.0,8.555,-20.0,12
2017-11-15 00:00:00,34.0,-118.75,291.0,0.2014,0.0,6.484,-20.0,12
2017-11-15 00:00:00,34.0,-118.125,289.8,0.1797,0.0,4.98,-20.0,12
2017-11-15 00:00:00,34.0,-117.5,289.2,0.1799,0.0,4.305,-20.0,12
2017-11-15 00:00:00,34.0,-116.875,288.5,0.1913,0.0,3.549,-20.0,12
2017-11-15 00:00:00,34.0,-116.25,288.0,0.1018,0.0,3.98,-20.0,12
2017-11-15 00:00:00,34.0,-115.625,289.2,0.0751,0.0,4.71,-20.0,12
2017-11-15 00:00:00,34.0,-115.0,289.8,0.0758,0.0,5.2,-20.0,12
2017-11-15 00:00:00,34.0,-114.375,290.5,0.1228,0.0,5.79,-20.0,12
2017-11-15 00:00:00,34.0,-113.75,290.0,0.09216,0.0,4.402,-20.0,12
2017-11-15 00:00:00,34.5,-123.75,289.2,0.8,0.0,4.637,-20.0,12
2017-11-15 00:00:00,34.5,-123.125,289.5,0.8,0.0,6.098,-20.0,12
2017-11-15 00:00:00,34.5,-122.5,289.5,0.8,0.0,7.63,-20.0,12
2017-11-15 00:00:00,34.5,-121.875,289.0,0.8,0.0,8.984,-20.0,12
2017-11-15 00:00:00,34.5,-121.25,289.2,0.8,0.0,9.95,-20.0,12
2017-11-15 00:00:00,34.5,-120.625,289.2,0.8,0.0,10.1,-20.0,12
2017-11-15 00:00:00,34.5,-120.0,289.0,0.2014,0.0,8.26,-20.0,12
2017-11-15 00:00:00,34.5,-119.375,287.0,0.2147,1e-07,6.676,-20.0,12
2017-11-15 00:00:00,34.5,-118.75,286.0,0.1844,0.0,7.496,-20.0,12
2017-11-15 00:00:00,34.5,-118.125,286.0,0.1581,0.0,5.145,-20.0,12
2017-11-15 00:00:00,34.5,-117.5,286.5,0.1313,0.0,3.527,-20.0,12
2017-11-15 00:00:00,34.5,-116.875,287.5,0.1061,0.0,3.152,-20.0,12
2017-11-15 00:00:00,34.5,-116.25,288.0,0.0735,0.0,4.203,-20.0,12
2017-11-15 00:00:00,34.5,-115.625,290.0,0.07043,0.0,4.137,-20.0,12
2017-11-15 00:00:00,34.5,-115.0,288.2,0.0814,0.0,5.246,-20.0,12
2017-11-15 00:00:00,34.5,-114.375,288.8,0.0742,0.0,6.543,-20.0,12
2017-11-15 00:00:00,34.5,-113.75,288.0,0.0964,0.0,5.938,-20.0,12
2017-11-15 00:00:00,35.0,-123.75,289.0,0.8,0.0,4.027,-20.0,12
2017-11-15 00:00:00,35.0,-123.125,289.0,0.8,0.0,5.418,-20.0,12
2017-11-15 00:00:00,35.0,-122.5,289.0,0.8,0.0,7.043,-20.0,12
2017-11-15 00:00:00,35.0,-121.875,288.8,0.8,0.0,8.695,-20.0,12
2017-11-15 00:00:00,35.0,-121.25,289.0,0.8,0.0,9.01,-20.0,12
2017-11-15 00:00:00,35.0,-120.625,288.0,0.8,0.0,6.69,-20.0,12
2017-11-15 00:00:00,35.0,-120.0,285.2,0.1636,7e-07,6.22,-20.0,12
2017-11-15 00:00:00,35.0,-119.375,283.5,0.1602,1.67e-06,5.465,-20.0,12
2017-11-15 00:00:00,35.0,-118.75,282.5,0.1875,2.15e-06,6.41,1.357,12
2017-11-15 00:00:00,35.0,-118.125,284.0,0.1234,0.0,7.26,-20.0,12
2017-11-15 00:00:00,35.0,-117.5,286.0,0.1046,0.0,4.92,-20.0,12
2017-11-15 00:00:00,35.0,-116.875,287.5,0.0934,0.0,4.574,-20.0,12
2017-11-15 00:00:00,35.0,-116.25,289.5,0.06964,0.0,2.686,-20.0,12
2017-11-15 00:00:00,35.0,-115.625,286.5,0.09607,0.0,3.29,-20.0,12
2017-11-15 00:00:00,35.0,-115.0,286.0,0.09424,0.0,4.71,-20.0,12
2017-11-15 00:00:00,35.0,-114.375,286.8,0.0978,0.0,6.008,-20.0,12
2017-11-15 00:00:00,35.0,-113.75,284.0,0.1156,0.0,7.586,-20.0,12
2017-11-15 00:00:00,35.5,-123.75,289.0,0.8,0.0,3.322,-20.0,12
2017-11-15 00:00:00,35.5,-123.125,289.0,0.8,0.0,4.68,-20.0,12
2017-11-15 00:00:00,35.5,-122.5,288.5,0.8,0.0,6.52,-20.0,12
2017-11-15 00:00:00,35.5,-121.875,288.5,0.8,0.0,8.08,-20.0,12
2017-11-15 00:00:00,35.5,-121.25,288.5,0.2152,0.0,6.438,-20.0,12
2017-11-15 00:00:00,35.5,-120.625,286.5,0.1887,0.0,4.72,-20.0,12
2017-11-15 00:00:00,35.5,-120.0,285.5,0.1589,8.3e-07,4.645,-20.0,12
2017-11-15 00:00:00,35.5,-119.375,287.8,0.2024,2.4e-07,4.14,1.143,12
2017-11-15 00:00:00,35.5,-118.75,284.2,0.1763,0.0,4.883,-20.0,12
2017-11-15 00:00:00,35.5,-118.125,283.2,0.1389,0.0,7.16,-20.0,12
2017-11-15 00:00:00,35.5,-117.5,287.0,0.0905,0.0,4.824,-20.0,12
2017-11-15 00:00:00,35.5,-116.875,287.2,0.0735,0.0,3.844,-20.0,12
2017-11-15 00:00:00,35.5,-116.25,288.5,0.06915,0.0,2.918,-20.0,12
2017-11-15 00:00:00,35.5,-115.625,287.0,0.1008,0.0,2.145,-20.0,12
2017-11-15 00:00:00,35.5,-115.0,286.5,0.09357,0.0,2.637,-20.0,12
2017-11-15 00:00:00,35.5,-114.375,286.5,0.09357,0.0,3.242,-20.0,12
2017-11-15 00:00:00,35.5,-113.75,283.0,0.1141,0.0,6.504,-20.0,12
2017-11-15 00:00:00,36.0,-123.75,289.0,0.8,0.0,2.533,-20.0,12
2017-11-15 00:00:00,36.0,-123.125,289.0,0.8,0.0,3.803,-20.0,12
2017-11-15 00:00:00,36.0,-122.5,288.0,0.8,0.0,5.418,-20.0,12
2017-11-15 00:00:00,36.0,-121.875,287.0,0.1931,0.0,6.207,-20.0,12
2017-11-15 00:00:00,36.0,-121.25,285.8,0.2219,0.0,4.227,-20.0,12
2017-11-15 00:00:00,36.0,-120.625,285.5,0.1484,0.0,3.65,-20.0,12
2017-11-15 00:00:00,36.0,-120.0,286.2,0.1594,0.0,6.2,-20.0,12
2017-11-15 00:00:00,36.0,-119.375,287.5,0.2034,0.0,4.51,2.715,12
2017-11-15 00:00:00,36.0,-118.75,282.2,0.1848,0.0,4.285,-20.0,12
2017-11-15 00:00:00,36.0,-118.125,280.0,0.1532,0.0,4.6,-20.0,12
2017-11-15 00:00:00,36.0,-117.5,286.0,0.0841,0.0,4.484,-20.0,12
2017-11-15 00:00:00,36.0,-116.875,287.8,0.06744,0.0,2.69,-20.0,12
2017-11-15 00:00:00,36.0,-116.25,287.8,0.0744,0.0,3.305,-20.0,12
2017-11-15 00:00:00,36.0,-115.625,286.2,0.1085,0.0,2.648,-20.0,12
2017-11-15 00:00:00,36.0,-115.0,289.0,0.0881,0.0,3.008,-20.0,12
2017-11-15 00:00:00,36.0,-114.375,288.5,0.0843,0.0,2.44,-20.0,12
2017-11-15 00:00:00,36.0,-113.75,284.0,0.12396,0.0,4.875,-20.0,12
2017-11-15 00:00:00,36.5,-123.75,289.0,0.8,7e-07,2.268,-20.0,12
2017-11-15 00:00:00,36.5,-123.125,288.5,0.8,1e-07,3.37,-20.0,12
2017-11-15 00:00:00,36.5,-122.5,288.2,0.8,0.0,4.83,-20.0,12
2017-11-15 00:00:00,36.5,-121.875,286.2,0.1979,0.0,4.434,-20.0,12
2017-11-15 00:00:00,36.5,-121.25,284.2,0.1847,0.0,3.105,-20.0,12
2017-11-15 00:00:00,36.5,-120.625,284.0,0.1635,0.0,4.742,-20.0,12
2017-11-15 00:00:00,36.5,-120.0,286.0,0.1937,0.0,6.082,2.285,12
2017-11-15 00:00:00,36.5,-119.375,287.2,0.2273,0.0,5.156,0.5713,12
2017-11-15 00:00:00,36.5,-118.75,280.0,0.2241,0.0,3.777,-20.0,12
2017-11-15 00:00:00,36.5,-118.125,278.2,0.1375,0.0,3.943,-20.0,12
2017-11-15 00:00:00,36.5,-117.5,285.8,0.0675,0.0,4.03,-20.0,12
2017-11-15 00:00:00,36.5,-116.875,287.0,0.0522,0.0,3.814,-20.0,12
2017-11-15 00:00:00,36.5,-116.25,286.0,0.0498,0.0,3.68,-20.0,12
2017-11-15 00:00:00,36.5,-115.625,284.0,0.09753,0.0,2.982,-20.0,12
2017-11-15 00:00:00,36.5,-115.0,286.5,0.09875,0.0,2.744,-20.0,12
2017-11-15 00:00:00,36.5,-114.375,287.0,0.09717,0.0,4.816,-20.0,12
2017-11-15 00:00:00,36.5,-113.75,283.5,0.0775,0.0,6.363,-20.0,12
2017-11-15 00:00:00,37.0,-123.75,288.5,0.8,2.915e-05,2.197,-20.0,12
2017-11-15 00:00:00,37.0,-123.125,288.5,0.8,9.2e-06,2.922,-20.0,12
2017-11-15 00:00:00,37.0,-122.5,288.0,0.2124,2.4e-07,4.63,-20.0,12
2017-11-15 00:00:00,37.0,-121.875,284.8,0.2075,0.0,3.807,-20.0,12
2017-11-15 00:00:00,37.0,-121.25,285.0,0.1526,0.0,3.064,-20.0,12
2017-11-15 00:00:00,37.0,-120.625,285.8,0.1693,0.0,4.67,-20.0,12
2017-11-15 00:00:00,37.0,-120.0,287.2,0.1263,0.0,4.215,-20.0,12
2017-11-15 00:00:00,37.0,-119.375,282.8,0.1283,0.0,5.688,-20.0,12
2017-11-15 00:00:00,37.0,-118.75,274.5,0.11505,0.0,3.781,-20.0,12
2017-11-15 00:00:00,37.0,-118.125,278.5,0.0652,0.0,4.105,-20.0,12
2017-11-15 00:00:00,37.0,-117.5,284.5,0.03955,0.0,3.906,-20.0,12
2017-11-15 00:00:00,37.0,-116.875,284.2,0.04965,0.0,3.771,-20.0,12
2017-11-15 00:00:00,37.0,-116.25,284.0,0.06223,0.0,4.074,-20.0,12
2017-11-15 00:00:00,37.0,-115.625,284.0,0.05276,0.0,3.621,-20.0,12
2017-11-15 00:00:00,37.0,-115.0,285.8,0.0562,0.0,2.266,-20.0,12
2017-11-15 00:00:00,37.0,-114.375,285.5,0.0659,0.0,4.434,-20.0,12
2017-11-15 00:00:00,37.0,-113.75,284.5,0.0665,0.0,6.94,-20.0,12
2017-11-15 00:00:00,37.5,-123.75,288.5,0.8,0.0002092,2.404,-20.0,12
2017-11-15 00:00:00,37.5,-123.125,288.0,0.8,9.88e-05,2.71,-20.0,12
2017-11-15 00:00:00,37.5,-122.5,286.5,0.1622,2.37e-05,4.043,-20.0,12
2017-11-15 00:00:00,37.5,-121.875,284.5,0.1305,2.44e-06,3.254,-20.0,12
2017-11-15 00:00:00,37.5,-121.25,284.5,0.1025,0.0,4.223,-20.0,12
2017-11-15 00:00:00,37.5,-120.625,286.8,0.1221,0.0,5.145,-20.0,12
2017-11-15 00:00:00,37.5,-120.0,283.8,0.10956,0.0,4.39,-20.0,12
2017-11-15 00:00:00,37.5,-119.375,275.2,0.1404,0.0,3.475,-20.0,12
2017-11-15 00:00:00,37.5,-118.75,273.0,0.09607,0.0,7.035,-20.0,12
2017-11-15 00:00:00,37.5,-118.125,279.5,0.06757,0.0,3.713,-20.0,12
2017-11-15 00:00:00,37.5,-117.5,281.0,0.05472,0.0,4.152,-20.0,12
2017-11-15 00:00:00,37.5,-116.875,281.2,0.04657,0.0,4.08,-20.0,12
2017-11-15 00:00:00,37.5,-116.25,281.5,0.05902,0.0,3.166,-20.0,12
2017-11-15 00:00:00,37.5,-115.625,283.0,0.0658,0.0,2.707,-20.0,12
2017-11-15 00:00:00,37.5,-115.0,284.5,0.06396,0.0,2.666,-20.0,12
2017-11-15 00:00:00,37.5,-114.375,282.5,0.0961,0.0,3.42,-20.0,12
2017-11-15 00:00:00,37.5,-113.75,281.5,0.10205,0.0,3.834,-20.0,12
2017-11-15 00:00:00,38.0,-123.75,287.5,0.8,0.0006847,3.166,-20.0,12
2017-11-15 00:00:00,38.0,-123.125,287.0,0.0,0.0003357,3.35,-20.0,12
2017-11-15 00:00:00,38.0,-122.5,285.2,0.11414,0.0001172,4.445,-20.0,12
2017-11-15 00:00:00,38.0,-121.875,284.8,0.10065,1.633e-05,4.168,-20.0,12
2017-11-15 00:00:00,38.0,-121.25,285.5,0.1091,6e-08,4.32,-20.0,12
2017-11-15 00:00:00,38.0,-120.625,284.5,0.1115,0.0,4.58,-20.0,12
2017-11-15 00:00:00,38.0,-120.0,278.2,0.1425,0.0,4.383,-20.0,12
2017-11-15 00:00:00,38.0,-119.375,271.5,0.0934,0.0,6.207,-20.0,12
2017-11-15 00:00:00,38.0,-118.75,275.5,0.07764,0.0,9.53,-20.0,12
2017-11-15 00:00:00,38.0,-118.125,279.5,0.04785,0.0,3.94,-20.0,12
2017-11-15 00:00:00,38.0,-117.5,280.5,0.04056,0.0,4.656,-20.0,12
2017-11-15 00:00:00,38.0,-116.875,280.5,0.05243,0.0,3.928,-20.0,12
2017-11-15 00:00:00,38.0,-116.25,281.0,0.06186,0.0,3.693,-20.0,12
2017-11-15 00:00:00,38.0,-115.625,281.0,0.06506,0.0,3.465,-20.0,12
2017-11-15 00:00:00,38.0,-115.0,281.2,0.06232,0.0,3.59,-20.0,12
2017-11-15 00:00:00,38.0,-114.375,279.5,0.0851,0.0,4.01,-20.0,12
2017-11-15 00:00:00,38.0,-113.75,279.2,0.0981,0.0,4.188,-20.0,12
2017-11-15 00:00:00,38.5,-123.75,286.5,0.0,0.00092,3.842,-20.0,12
2017-11-15 00:00:00,38.5,-123.125,285.0,0.16,0.000565,3.365,-20.0,12
2017-11-15 00:00:00,38.5,-122.5,283.0,0.1345,0.0002048,4.336,0.4285,12
2017-11-15 00:00:00,38.5,-121.875,285.0,0.11365,1.38e-05,3.787,1.714,12
2017-11-15 00:00:00,38.5,-121.25,285.8,0.11597,2e-07,3.615,-20.0,12
2017-11-15 00:00:00,38.5,-120.625,281.0,0.1627,3e-07,4.59,-20.0,12
2017-11-15 00:00:00,38.5,-120.0,273.8,0.1411,2e-07,7.168,-20.0,12
2017-11-15 00:00:00,38.5,-119.375,274.0,0.0894,0.0,8.59,-20.0,12
2017-11-15 00:00:00,38.5,-118.75,278.5,0.0637,0.0,5.97,-20.0,12
2017-11-15 00:00:00,38.5,-118.125,279.2,0.0453,0.0,4.316,-20.0,12
2017-11-15 00:00:00,38.5,-117.5,279.0,0.05225,0.0,4.805,-20.0,12
2017-11-15 00:00:00,38.5,-116.875,278.0,0.0768,0.0,4.043,-20.0,12
2017-11-15 00:00:00,38.5,-116.25,279.8,0.0606,0.0,3.031,-20.0,12
2017-11-15 00:00:00,38.5,-115.625,280.0,0.0686,0.0,3.84,-20.0,12
2017-11-15 00:00:00,38.5,-115.0,278.5,0.0752,0.0,4.312,-20.0,12
2017-11-15 00:00:00,38.5,-114.375,277.2,0.0811,0.0,3.832,-20.0,12
2017-11-15 00:00:00,38.5,-113.75,277.5,0.0746,0.0,5.53,-20.0,12
2017-11-15 00:00:00,39.0,-123.75,284.5,0.0,0.0007515,4.75,0.4285,12
2017-11-15 00:00:00,39.0,-123.125,280.5,0.0,0.0005407,3.293,-20.0,12
2017-11-15 00:00:00,39.0,-122.5,281.2,0.1186,0.000153,4.43,0.4285,12
2017-11-15 00:00:00,39.0,-121.875,285.0,0.10187,9.8e-06,3.645,0.4285,12
2017-11-15 00:00:00,39.0,-121.25,284.5,0.1364,6e-07,3.74,0.4285,12
2017-11-15 00:00:00,39.0,-120.625,277.5,0.1644,3.6e-07,5.348,0.857,12
2017-11-15 00:00:00,39.0,-120.0,274.5,0.1188,2e-07,7.277,-20.0,12
2017-11-15 00:00:00,39.0,-119.375,278.2,0.074,0.0,6.887,-20.0,12
2017-11-15 00:00:00,39.0,-118.75,280.5,0.0458,0.0,5.152,-20.0,12
2017-11-15 00:00:00,39.0,-118.125,279.5,0.0489,0.0,4.824,-20.0,12
2017-11-15 00:00:00,39.0,-117.5,277.5,0.07837,0.0,5.13,-20.0,12
2017-11-15 00:00:00,39.0,-116.875,276.2,0.0611,0.0,5.25,-20.0,12
2017-11-15 00:00:00,39.0,-116.25,276.8,0.0752,0.0,4.85,-20.0,12
2017-11-15 00:00:00,39.0,-115.625,276.8,0.0652,0.0,4.42,-20.0,12
2017-11-15 00:00:00,39.0,-115.0,276.5,0.09186,0.0,4.645,-20.0,12
2017-11-15 00:00:00,39.0,-114.375,276.5,0.08777,0.0,3.537,-20.0,12
2017-11-15 00:00:00,39.0,-113.75,277.5,0.05658,0.0,5.56,-20.0,12
2017-11-15 00:00:00,39.5,-123.75,282.5,0.0,0.0005755,5.48,-20.0,12
2017-11-15 00:00:00,39.5,-123.125,276.5,0.0,0.000573,4.08,-20.0,12
2017-11-15 00:00:00,39.5,-122.5,280.5,0.0866,0.0001215,5.7,-20.0,12
2017-11-15 00:00:00,39.5,-121.875,283.8,0.0708,3.34e-06,6.15,0.4285,12
2017-11-15 00:00:00,39.5,-121.25,279.8,0.1921,4.53e-06,5.63,0.857,12
2017-11-15 00:00:00,39.5,-120.625,274.5,0.1736,2.2e-06,5.582,-20.0,12
2017-11-15 00:00:00,39.5,-120.0,275.0,0.11523,0.0,6.2,-20.0,12
2017-11-15 00:00:00,39.5,-119.375,279.8,0.05997,0.0,4.316,-20.0,12
2017-11-15 00:00:00,39.5,-118.75,281.2,0.0672,0.0,6.074,-20.0,12
2017-11-15 00:00:00,39.5,-118.125,280.8,0.05923,0.0,4.45,-20.0,12
2017-11-15 00:00:00,39.5,-117.5,277.5,0.078,0.0,4.72,-20.0,12
2017-11-15 00:00:00,39.5,-116.875,276.5,0.0641,0.0,5.35,-20.0,12
2017-11-15 00:00:00,39.5,-116.25,276.0,0.0659,0.0,6.71,-20.0,12
2017-11-15 00:00:00,39.5,-115.625,275.0,0.04907,0.0,6.387,-20.0,12
2017-11-15 00:00:00,39.5,-115.0,275.0,0.04736,0.0,4.867,-20.0,12
2017-11-15 00:00:00,39.5,-114.375,275.2,0.0,0.0,4.16,-20.0,12
2017-11-15 00:00:00,39.5,-113.75,276.5,0.0,0.0,5.625,-20.0,12
2017-11-15 00:00:00,40.0,-123.75,280.2,0.0,0.000478,5.152,-20.0,12
2017-11-15 00:00:00,40.0,-123.125,275.0,0.0,0.0004168,4.57,-20.0,12
2017-11-15 00:00:00,40.0,-122.5,280.2,0.1476,7.65e-05,3.99,-20.0,12
2017-11-15 00:00:00,40.0,-121.875,280.5,0.156,9.36e-06,9.23,-20.0,12
2017-11-15 00:00:00,40.0,-121.25,274.5,0.1666,1.28e-05,5.906,0.4285,12
2017-11-15 00:00:00,40.0,-120.625,273.5,0.1475,2.1e-06,5.957,0.4285,12
2017-11-15 00:00:00,40.0,-120.0,276.5,0.09576,2e-07,4.082,-20.0,12
2017-11-15 00:00:00,40.0,-119.375,280.0,0.06036,0.0,3.766,-20.0,12
2017-11-15 00:00:00,40.0,-118.75,280.2,0.045,0.0,6.047,-20.0,12
2017-11-15 00:00:00,40.0,-118.125,280.8,0.03394,0.0,3.992,-20.0,12
2017-11-15 00:00:00,40.0,-117.5,279.5,0.0,0.0,4.223,-20.0,12
2017-11-15 00:00:00,40.0,-116.875,277.0,0.0,0.0,5.277,-20.0,12
2017-11-15 00:00:00,40.0,-116.25,275.8,0.0,0.0,6.555,-20.0,12
2017-11-15 00:00:00,40.0,-115.625,275.0,0.0,0.0,5.664,-20.0,12
2017-11-15 00:00:00,40.0,-115.0,274.5,0.0,0.0,4.914,-20.0,12
2017-11-15 00:00:00,40.0,-114.375,274.5,0.0,0.0,4.734,-20.0,12
2017-11-15 00:00:00,40.0,-113.75,276.0,0.0,0.0,5.95,-20.0,12
2017-11-15 00:00:00,40.5,-123.75,278.5,0.0,0.00041,4.758,0.857,12
2017-11-15 00:00:00,40.5,-123.125,276.0,0.0,0.0002309,3.34,-20.0,12
2017-11-15 00:00:00,40.5,-122.5,279.2,0.0,3.755e-05,4.266,-20.0,12
2017-11-15 00:00:00,40.5,-121.875,278.0,0.1542,1.22e-05,8.37,-20.0,12
2017-11-15 00:00:00,40.5,-121.25,273.0,0.1539,1.08e-05,6.03,0.4285,12
2017-11-15 00:00:00,40.5,-120.625,273.0,0.1637,1.21e-05,4.742,-20.0,12
2017-11-15 00:00:00,40.5,-120.0,275.5,0.0,4e-07,3.625,-20.0,12
2017-11-15 00:00:00,40.5,-119.375,278.2,0.0,0.0,3.965,-20.0,12
2017-11-15 00:00:00,40.5,-118.75,277.5,0.0,0.0,5.78,-20.0,12
2017-11-15 00:00:00,40.5,-118.125,278.5,0.0,0.0,4.164,-20.0,12
2017-11-15 00:00:00,40.5,-117.5,278.0,0.0,0.0,3.998,-20.0,12
2017-11-15 00:00:00,40.5,-116.875,277.0,0.0,0.0,5.04,-20.0,12
2017-11-15 00:00:00,40.5,-116.25,275.8,0.0,0.0,5.875,-20.0,12
2017-11-15 00:00:00,40.5,-115.625,274.8,0.0,0.0,5.34,-20.0,12
2017-11-15 00:00:00,40.5,-115.0,274.0,0.0,0.0,4.727,-20.0,12
2017-11-15 00:00:00,40.5,-114.375,275.5,0.0,0.0,3.703,-20.0,12
2017-11-15 00:00:00,40.5,-113.75,277.2,0.0,0.0,5.65,-20.0,12
2017-11-15 00:00:00,41.0,-123.75,278.8,0.0,0.0001596,5.816,-20.0,12
2017-11-15 00:00:00,41.0,-123.125,274.5,0.0,0.00011426,3.979,-20.0,12
2017-11-15 00:00:00,41.0,-122.5,276.0,0.0,4.953e-05,4.09,0.4285,12
2017-11-15 00:00:00,41.0,-121.875,275.5,0.0,1.305e-05,6.24,-20.0,12
2017-11-15 00:00:00,41.0,-121.25,274.5,0.0,2.56e-06,7.715,1.286,12
2017-11-15 00:00:00,41.0,-120.625,273.0,0.0,7.8e-06,6.04,-20.0,12
2017-11-15 00:00:00,41.0,-120.0,273.0,0.0,4.3e-06,5.727,-20.0,12
2017-11-15 00:00:00,41.0,-119.375,275.5,0.0,0.0,4.668,-20.0,12
2017-11-15 00:00:00,41.0,-118.75,276.8,0.0,0.0,5.293,-20.0,12
2017-11-15 00:00:00,41.0,-118.125,276.5,0.0,0.0,5.316,-20.0,12
2017-11-15 00:00:00,41.0,-117.5,275.8,0.0,0.0,5.258,-20.0,12
2017-11-15 00:00:00,41.0,-116.875,275.0,0.0,0.0,6.47,-20.0,12
2017-11-15 00:00:00,41.0,-116.25,273.8,0.0,0.0,5.258,-20.0,12
2017-11-15 00:00:00,41.0,-115.625,274.0,0.0,0.0,4.82,-20.0,12
2017-11-15 00:00:00,41.0,-115.0,273.2,0.0,0.0,5.0,-20.0,12
2017-11-15 00:00:00,41.0,-114.375,274.5,0.0,0.0,3.38,-20.0,12
2017-11-15 00:00:00,41.0,-113.75,276.5,0.0,0.0,4.402,-20.0,12
2017-11-15 00:00:00,41.5,-123.75,279.0,0.0,0.0002122,6.62,0.4285,12
2017-11-15 00:00:00,41.5,-123.125,274.0,0.0,7.55e-05,5.67,0.857,12
2017-11-15 00:00:00,41.5,-122.5,273.8,0.0,4.745e-05,5.47,-20.0,12
2017-11-15 00:00:00,41.5,-121.875,274.0,0.0,8.035e-05,7.03,-20.0,12
2017-11-15 00:00:00,41.5,-121.25,274.5,0.0,9.3e-06,7.066,-20.0,12
2017-11-15 00:00:00,41.5,-120.625,273.8,0.0,2.4e-07,6.836,-20.0,12
2017-11-15 00:00:00,41.5,-120.0,273.0,0.0,0.0,7.27,-20.0,12
2017-11-15 00:00:00,41.5,-119.375,273.0,0.0,0.0,6.87,-20.0,12
2017-11-15 00:00:00,41.5,-118.75,274.2,0.0,0.0,5.176,-20.0,12
2017-11-15 00:00:00,41.5,-118.125,275.2,0.0,0.0,5.95,-20.0,12
2017-11-15 00:00:00,41.5,-117.5,274.2,0.0,0.0,6.63,-20.0,12
2017-11-15 00:00:00,41.5,-116.875,273.5,0.0,0.0,8.25,-20.0,12
2017-11-15 00:00:00,41.5,-116.25,272.0,0.0,0.0,7.574,-20.0,12
2017-11-15 00:00:00,41.5,-115.625,271.5,0.0,0.0,5.953,-20.0,12
2017-11-15 00:00:00,41.5,-115.0,272.0,0.0,0.0,6.65,-20.0,12
2017-11-15 00:00:00,41.5,-114.375,272.8,0.0,0.0,5.89,-20.0,12
2017-11-15 00:00:00,41.5,-113.75,274.5,0.0,0.0,3.59,-20.0,12
2017-11-15 00:00:00,42.0,-123.75,279.0,0.0,0.0005026,7.867,-20.0,12
2017-11-15 00:00:00,42.0,-123.125,274.8,0.0,0.0002121,6.73,0.4285,12
2017-11-15 00:00:00,42.0,-122.5,273.0,0.0,1.97e-06,5.76,-20.0,12
2017-11-15 00:00:00,42.0,-121.875,273.5,0.0,1.06e-05,7.004,-20.0,12
2017-11-15 00:00:00,42.0,-121.25,273.2,0.0,7.9e-06,6.668,-20.0,12
2017-11-15 00:00:00,42.0,-120.625,272.8,0.0,2.7e-06,7.23,-20.0,12
2017-11-15 00:00:00,42.0,-120.0,273.0,0.0,6e-08,8.31,0.857,12
2017-11-15 00:00:00,42.0,-119.375,272.8,0.0,0.0,9.22,-20.0,12
2017-11-15 00:00:00,42.0,-118.75,273.5,0.0,0.0,7.523,-20.0,12
2017-11-15 00:00:00,42.0,-118.125,272.8,0.0,0.0,8.234,-20.0,12
2017-11-15 00:00:00,42.0,-117.5,273.2,0.0,0.0,9.34,-20.0,12
2017-11-15 00:00:00,42.0,-116.875,273.2,0.0,0.0,10.06,-20.0,12
2017-11-15 00:00:00,42.0,-116.25,272.8,0.0,0.0,10.27,-20.0,12
2017-11-15 00:00:00,42.0,-115.625,272.5,0.0,0.0,10.68,-20.0,12
2017-11-15 00:00:00,42.0,-115.0,272.0,0.0,0.0,10.71,-20.0,12
2017-11-15 00:00:00,42.0,-114.375,272.0,0.0,0.0,9.83,-20.0,12
2017-11-15 00:00:00,42.0,-113.75,272.0,0.0,0.0,7.266,-20.0,12
2017-11-15 12:00:00,32.5,-123.75,290.8,0.8,0.0,3.447,-20.0,24
2017-11-15 12:00:00,32.5,-123.125,290.5,0.8,0.0,4.805,-20.0,24
2017-11-15 12:00:00,32.5,-122.5,290.5,0.8,0.0,6.203,-20.0,24
2017-11-15 12:00:00,32.5,-121.875,290.5,0.8,0.0,7.34,-20.0,24
2017-11-15 12:00:00,32.5,-121.25,290.5,0.8,0.0,8.27,-20.0,24
2017-11-15 12:00:00,32.5,-120.625,290.5,0.8,0.0,8.87,-20.0,24
2017-11-15 12:00:00,32.5,-120.0,290.5,0.8,0.0,9.086,-20.0,24
2017-11-15 12:00:00,32.5,-119.375,290.5,0.8,0.0,8.31,-20.0,24
2017-11-15 12:00:00,32.5,-118.75,290.8,0.8,0.0,7.67,-20.0,24
2017-11-15 12:00:00,32.5,-118.125,291.8,0.8,0.0,6.54,-20.0,24
2017-11-15 12:00:00,32.5,-117.5,292.5,0.1447,0.0,4.66,-20.0,24
2017-11-15 12:00:00,32.5,-116.875,294.5,0.167,0.0,3.215,0.05554,24
2017-11-15 12:00:00,32.5,-116.25,295.0,0.1439,0.0,2.648,-20.0,24
2017-11-15 12:00:00,32.5,-115.625,296.2,0.1757,0.0,4.348,0.05554,24
2017-11-15 12:00:00,32.5,-115.0,296.0,0.1642,0.0,5.383,-20.0,24
2017-11-15 12:00:00,32.5,-114.375,296.8,0.1522,0.0,4.582,-20.0,24
2017-11-15 12:00:00,32.5,-113.75,297.0,0.1542,0.0,4.035,-20.0,24
2017-11-15 12:00:00,33.0,-123.75,290.2,0.8,4.1e-06,4.34,-20.0,24
2017-11-15 12:00:00,33.0,-123.125,290.0,0.8,3e-07,5.02,-20.0,24
2017-11-15 12:00:00,33.0,-122.5,290.0,0.8,0.0,6.49,-20.0,24
2017-11-15 12:00:00,33.0,-121.875,290.5,0.8,0.0,7.67,-20.0,24
2017-11-15 12:00:00,33.0,-121.25,290.2,0.8,0.0,8.6,-20.0,24
2017-11-15 12:00:00,33.0,-120.625,290.0,0.8,0.0,9.09,-20.0,24
2017-11-15 12:00:00,33.0,-120.0,290.0,0.8,0.0,8.99,-20.0,24
2017-11-15 12:00:00,33.0,-119.375,290.5,0.1168,0.0,8.17,-20.0,24
2017-11-15 12:00:00,33.0,-118.75,291.0,0.1168,0.0,7.383,-20.0,24
2017-11-15 12:00:00,33.0,-118.125,292.0,0.09045,0.0,6.38,-20.0,24
2017-11-15 12:00:00,33.0,-117.5,294.0,0.1917,0.0,5.27,-20.0,24
2017-11-15 12:00:00,33.0,-116.875,295.5,0.1973,0.0,3.97,-20.0,24
2017-11-15 12:00:00,33.0,-116.25,295.5,0.1415,0.0,3.385,-20.0,24
2017-11-15 12:00:00,33.0,-115.625,295.2,0.2339,0.0,4.367,-20.0,24
2017-11-15 12:00:00,33.0,-115.0,294.8,0.08044,0.0,7.35,-20.0,24
2017-11-15 12:00:00,33.0,-114.375,296.2,0.0944,0.0,5.21,-20.0,24
2017-11-15 12:00:00,33.0,-113.75,296.2,0.09784,0.0,5.2,-20.0,24
2017-11-15 12:00:00,33.5,-123.75,290.0,0.8,1.05e-05,4.97,-20.0,24
2017-11-15 12:00:00,33.5,-123.125,289.5,0.8,1.43e-06,5.137,-20.0,24
2017-11-15 12:00:00,33.5,-122.5,289.5,0.8,0.0,6.586,-20.0,24
2017-11-15 12:00:00,33.5,-121.875,290.0,0.8,0.0,7.87,-20.0,24
2017-11-15 12:00:00,33.5,-121.25,290.0,0.8,0.0,8.914,-20.0,24
2017-11-15 12:00:00,33.5,-120.625,289.5,0.8,0.0,9.31,-20.0,24
2017-11-15 12:00:00,33.5,-120.0,290.0,0.8,0.0,8.82,-20.0,24
2017-11-15 12:00:00,33.5,-119.375,290.8,0.0592,0.0,7.89,-20.0,24
2017-11-15 12:00:00,33.5,-118.75,291.8,0.1428,0.0,6.855,-20.0,24
2017-11-15 12:00:00,33.5,-118.125,294.0,0.1708,0.0,6.41,-20.0,24
2017-11-15 12:00:00,33.5,-117.5,295.0,0.1816,0.0,5.49,-20.0,24
2017-11-15 12:00:00,33.5,-116.875,294.5,0.1924,0.0,4.395,-20.0,24
2017-11-15 12:00:00,33.5,-116.25,295.5,0.134,0.0,3.934,-20.0,24
2017-11-15 12:00:00,33.5,-115.625,293.8,0.0746,0.0,4.492,-20.0,24
2017-11-15 12:00:00,33.5,-115.0,293.5,0.0855,0.0,5.457,0.05554,24
2017-11-15 12:00:00,33.5,-114.375,294.5,0.1186,0.0,3.902,-20.0,24
2017-11-15 12:00:00,33.5,-113.75,294.0,0.1031,0.0,5.74,-20.0,24
2017-11-15 12:00:00,34.0,-123.75,289.5,0.8,1.41e-05,5.715,-20.0,24
2017-11-15 12:00:00,34.0,-123.125,289.5,0.8,2.56e-06,4.99,-20.0,24
2017-11-15 12:00:00,34.0,-122.5,289.5,0.8,0.0,6.33,-20.0,24
2017-11-15 12:00:00,34.0,-121.875,289.5,0.8,0.0,7.766,-20.0,24
2017-11-15 12:00:00,34.0,-121.25,289.5,0.8,0.0,8.74,-20.0,24
2017-11-15 12:00:00,34.0,-120.625,289.5,0.8,0.0,8.445,-20.0,24
2017-11-15 12:00:00,34.0,-120.0,291.0,0.1365,0.0,8.29,-20.0,24
2017-11-15 12:00:00,34.0,-119.375,292.5,0.1848,0.0,7.293,-20.0,24
2017-11-15 12:00:00,34.0,-118.75,294.2,0.2007,0.0,6.63,-20.0,24
2017-11-15 12:00:00,34.0,-118.125,295.0,0.1797,0.0,6.566,-20.0,24
2017-11-15 12:00:00,34.0,-117.5,295.5,0.1797,0.0,5.844,-20.0,24
2017-11-15 12:00:00,34.0,-116.875,293.5,0.1912,0.0,5.324,-20.0,24
2017-11-15 12:00:00,34.0,-116.25,293.5,0.1018,0.0,2.91,-20.0,24
2017-11-15 12:00:00,34.0,-115.625,292.8,0.07513,0.0,3.604,-20.0,24
2017-11-15 12:00:00,34.0,-115.0,293.0,0.0759,0.0,4.324,-20.0,24
2017-11-15 12:00:00,34.0,-114.375,294.0,0.1233,0.0,3.05,-20.0,24
2017-11-15 12:00:00,34.0,-113.75,294.0,0.0923,0.0,4.21,-20.0,24
2017-11-15 12:00:00,34.5,-123.75,289.5,0.8,2.265e-05,6.34,-20.0,24
2017-11-15 12:00:00,34.5,-123.125,289.0,0.8,3.76e-06,5.344,-20.0,24
2017-11-15 12:00:00,34.5,-122.5,289.0,0.8,0.0,5.746,-20.0,24
2017-11-15 12:00:00,34.5,-121.875,289.0,0.8,0.0,7.113,-20.0,24
2017-11-15 12:00:00,34.5,-121.25,289.0,0.8,0.0,7.348,-20.0,24
2017-11-15 12:00:00,34.5,-120.625,290.5,0.8,0.0,7.004,-20.0,24
2017-11-15 12:00:00,34.5,-120.0,292.5,0.2007,0.0,7.273,-20.0,24
2017-11-15 12:00:00,34.5,-119.375,293.2,0.2142,2e-07,6.28,-20.0,24
2017-11-15 12:00:00,34.5,-118.75,292.8,0.1842,0.0,7.844,-20.0,24
2017-11-15 12:00:00,34.5,-118.125,292.5,0.158,0.0,5.934,-20.0,24
2017-11-15 12:00:00,34.5,-117.5,291.8,0.1313,0.0,5.57,-20.0,24
2017-11-15 12:00:00,34.5,-116.875,291.8,0.1061,0.0,5.32,-20.0,24
2017-11-15 12:00:00,34.5,-116.25,293.5,0.0735,0.0,3.016,-20.0,24
2017-11-15 12:00:00,34.5,-115.625,293.2,0.07043,0.0,4.13,-20.0,24
2017-11-15 12:00:00,34.5,-115.0,292.0,0.08136,0.0,4.906,-20.0,24
2017-11-15 12:00:00,34.5,-114.375,293.2,0.07385,0.0,4.473,-20.0,24
2017-11-15 12:00:00,34.5,-113.75,292.5,0.09607,0.0,5.535,-20.0,24
2017-11-15 12:00:00,35.0,-123.75,289.0,0.8,3.815e-05,7.54,-20.0,24
2017-11-15 12:00:00,35.0,-123.125,289.0,0.8,5e-06,6.023,-20.0,24
2017-11-15 12:00:00,35.0,-122.5,289.0,0.8,0.0,4.992,-20.0,24
2017-11-15 12:00:00,35.0,-121.875,288.5,0.8,0.0,6.324,-20.0,24
2017-11-15 12:00:00,35.0,-121.25,288.8,0.8,0.0,5.082,-20.0,24
2017-11-15 12:00:00,35.0,-120.625,290.5,0.8,0.0,6.246,-20.0,24
2017-11-15 12:00:00,35.0,-120.0,292.0,0.163,6.6e-07,6.887,-20.0,24
2017-11-15 12:00:00,35.0,-119.375,290.8,0.1603,2.56e-06,5.38,-20.0,24
2017-11-15 12:00:00,35.0,-118.75,289.5,0.1874,1.2e-06,5.45,2.0,24
2017-11-15 12:00:00,35.0,-118.125,290.5,0.12335,0.0,7.754,-20.0,24
2017-11-15 12:00:00,35.0,-117.5,291.0,0.10455,0.0,7.77,-20.0,24
2017-11-15 12:00:00,35.0,-116.875,291.8,0.09326,0.0,6.387,-20.0,24
2017-11-15 12:00:00,35.0,-116.25,293.5,0.06964,0.0,2.73,-20.0,24
2017-11-15 12:00:00,35.0,-115.625,290.8,0.096,0.0,3.428,-20.0,24
2017-11-15 12:00:00,35.0,-115.0,290.0,0.09436,0.0,4.633,-20.0,24
2017-11-15 12:00:00,35.0,-114.375,291.5,0.09717,0.0,5.38,-20.0,24
2017-11-15 12:00:00,35.0,-113.75,289.0,0.1154,0.0,7.035,-20.0,24
2017-11-15 12:00:00,35.5,-123.75,289.2,0.8,4.81e-05,8.63,-20.0,24
2017-11-15 12:00:00,35.5,-123.125,289.0,0.8,8.76e-06,6.668,-20.0,24
2017-11-15 12:00:00,35.5,-122.5,288.5,0.8,6e-08,4.97,-20.0,24
2017-11-15 12:00:00,35.5,-121.875,288.0,0.8,0.0,4.33,-20.0,24
2017-11-15 12:00:00,35.5,-121.25,289.0,0.2145,0.0,3.748,-20.0,24
2017-11-15 12:00:00,35.5,-120.625,290.5,0.188,0.0,5.996,-20.0,24
2017-11-15 12:00:00,35.5,-120.0,290.5,0.1587,7e-07,5.312,-20.0,24
2017-11-15 12:00:00,35.5,-119.375,292.0,0.2024,2.4e-07,4.28,2.0,24
2017-11-15 12:00:00,35.5,-118.75,289.8,0.1759,0.0,4.46,-20.0,24
2017-11-15 12:00:00,35.5,-118.125,289.5,0.139,0.0,9.97,-20.0,24
2017-11-15 12:00:00,35.5,-117.5,292.0,0.0903,0.0,8.945,-20.0,24
2017-11-15 12:00:00,35.5,-116.875,290.8,0.07336,0.0,6.035,-20.0,24
2017-11-15 12:00:00,35.5,-116.25,291.8,0.0692,0.0,3.508,-20.0,24
2017-11-15 12:00:00,35.5,-115.625,290.0,0.1012,0.0,5.43,-20.0,24
2017-11-15 12:00:00,35.5,-115.0,289.0,0.09326,0.0,4.15,-20.0,24
2017-11-15 12:00:00,35.5,-114.375,290.0,0.09265,0.0,3.232,-20.0,24
2017-11-15 12:00:00,35.5,-113.75,287.5,0.1143,0.0,6.375,-20.0,24
2017-11-15 12:00:00,36.0,-123.75,289.2,0.8,5.21e-05,9.55,-20.0,24
2017-11-15 12:00:00,36.0,-123.125,288.5,0.8,7.8e-06,7.84,-20.0,24
2017-11-15 12:00:00,36.0,-122.5,288.0,0.8,2.4e-07,6.21,-20.0,24
2017-11-15 12:00:00,36.0,-121.875,288.0,0.1832,0.0,4.215,-20.0,24
2017-11-15 12:00:00,36.0,-121.25,289.2,0.2201,0.0,5.24,-20.0,24
2017-11-15 12:00:00,36.0,-120.625,290.0,0.1482,0.0,6.453,-20.0,24
2017-11-15 12:00:00,36.0,-120.0,290.2,0.1592,0.0,5.184,-20.0,24
2017-11-15 12:00:00,36.0,-119.375,291.0,0.203,0.0,3.764,4.0,24
2017-11-15 12:00:00,36.0,-118.75,289.2,0.1841,0.0,4.78,-20.0,24
2017-11-15 12:00:00,36.0,-118.125,285.5,0.1527,0.0,10.305,-20.0,24
2017-11-15 12:00:00,36.0,-117.5,290.2,0.0839,0.0,6.664,-20.0,24
2017-11-15 12:00:00,36.0,-116.875,291.0,0.06726,0.0,4.258,-20.0,24
2017-11-15 12:00:00,36.0,-116.25,290.8,0.0742,0.0,3.574,-20.0,24
2017-11-15 12:00:00,36.0,-115.625,289.0,0.10815,0.0,5.73,-20.0,24
2017-11-15 12:00:00,36.0,-115.0,290.5,0.0884,0.0,3.904,-20.0,24
2017-11-15 12:00:00,36.0,-114.375,290.0,0.084,0.0,3.006,-20.0,24
2017-11-15 12:00:00,36.0,-113.75,287.5,0.12415,0.0,4.945,-20.0,24
2017-11-15 12:00:00,36.5,-123.75,289.0,0.8,5.64e-05,10.375,-20.0,24
2017-11-15 12:00:00,36.5,-123.125,288.5,0.8,9.1e-06,9.05,-20.0,24
2017-11-15 12:00:00,36.5,-122.5,288.0,0.8,2.4e-07,7.633,-20.0,24
2017-11-15 12:00:00,36.5,-121.875,288.0,0.1937,0.0,6.375,-20.0,24
2017-11-15 12:00:00,36.5,-121.25,290.0,0.1832,0.0,7.4,-20.0,24
2017-11-15 12:00:00,36.5,-120.625,290.0,0.1635,0.0,5.816,-20.0,24
2017-11-15 12:00:00,36.5,-120.0,290.0,0.1932,0.0,5.01,4.0,24
2017-11-15 12:00:00,36.5,-119.375,292.0,0.227,0.0,5.586,1.0,24
2017-11-15 12:00:00,36.5,-118.75,286.0,0.2247,1.174e-05,5.65,-20.0,24
2017-11-15 12:00:00,36.5,-118.125,282.5,0.1382,1.4e-06,10.27,-20.0,24
2017-11-15 12:00:00,36.5,-117.5,290.0,0.0673,0.0,5.312,-20.0,24
2017-11-15 12:00:00,36.5,-116.875,290.5,0.0517,0.0,4.547,-20.0,24
2017-11-15 12:00:00,36.5,-116.25,289.5,0.04727,0.0,4.4,-20.0,24
2017-11-15 12:00:00,36.5,-115.625,287.0,0.09686,0.0,5.848,-20.0,24
2017-11-15 12:00:00,36.5,-115.0,288.2,0.0982,0.0,4.023,-20.0,24
2017-11-15 12:00:00,36.5,-114.375,289.0,0.0966,0.0,6.19,-20.0,24
2017-11-15 12:00:00,36.5,-113.75,286.2,0.0736,0.0,8.266,-20.0,24
2017-11-15 12:00:00,37.0,-123.75,288.8,0.8,7.88e-05,11.55,-20.0,24
2017-11-15 12:00:00,37.0,-123.125,288.5,0.8,2.307e-05,10.2,-20.0,24
2017-11-15 12:00:00,37.0,-122.5,288.0,0.2015,2.44e-06,8.234,-20.0,24
2017-11-15 12:00:00,37.0,-121.875,287.8,0.2058,4e-07,7.18,-20.0,24
2017-11-15 12:00:00,37.0,-121.25,289.5,0.152,1e-07,8.19,-20.0,24
2017-11-15 12:00:00,37.0,-120.625,290.5,0.1683,6e-08,5.934,-20.0,24
2017-11-15 12:00:00,37.0,-120.0,290.5,0.1199,2.4e-07,5.004,-20.0,24
2017-11-15 12:00:00,37.0,-119.375,288.5,0.12177,1.603e-05,4.5,-20.0,24
2017-11-15 12:00:00,37.0,-118.75,278.8,0.1092,0.0002267,10.22,-20.0,24
2017-11-15 12:00:00,37.0,-118.125,283.0,0.0618,6e-07,9.836,-20.0,24
2017-11-15 12:00:00,37.0,-117.5,288.0,0.03754,0.0,5.19,-20.0,24
2017-11-15 12:00:00,37.0,-116.875,287.0,0.04712,0.0,5.742,-20.0,24
2017-11-15 12:00:00,37.0,-116.25,286.5,0.05908,0.0,5.547,-20.0,24
2017-11-15 12:00:00,37.0,-115.625,287.5,0.05008,0.0,5.773,-20.0,24
2017-11-15 12:00:00,37.0,-115.0,287.5,0.05334,0.0,4.516,-20.0,24
2017-11-15 12:00:00,37.0,-114.375,287.5,0.06256,0.0,6.055,-20.0,24
2017-11-15 12:00:00,37.0,-113.75,287.5,0.0631,0.0,9.336,-20.0,24
2017-11-15 12:00:00,37.5,-123.75,288.2,0.8,0.0001997,13.38,-20.0,24
2017-11-15 12:00:00,37.5,-123.125,287.8,0.8,0.0001146,11.05,-20.0,24
2017-11-15 12:00:00,37.5,-122.5,287.5,0.1539,5.025e-05,10.01,-20.0,24
2017-11-15 12:00:00,37.5,-121.875,287.5,0.12384,1.44e-05,9.43,-20.0,24
2017-11-15 12:00:00,37.5,-121.25,288.8,0.0973,7.9e-06,8.49,-20.0,24
2017-11-15 12:00:00,37.5,-120.625,290.5,0.11584,1.74e-05,7.9,-20.0,24
2017-11-15 12:00:00,37.5,-120.0,288.2,0.104,0.00011027,6.184,-20.0,24
2017-11-15 12:00:00,37.5,-119.375,279.0,0.1332,0.00168,7.78,-20.0,24
2017-11-15 12:00:00,37.5,-118.75,277.5,0.0912,0.0001901,13.98,-20.0,24
2017-11-15 12:00:00,37.5,-118.125,284.2,0.06415,2.4e-07,9.33,-20.0,24
2017-11-15 12:00:00,37.5,-117.5,286.0,0.0519,0.0,8.05,-20.0,24
2017-11-15 12:00:00,37.5,-116.875,284.8,0.0442,0.0,8.82,-20.0,24
2017-11-15 12:00:00,37.5,-116.25,284.2,0.056,0.0,7.312,-20.0,24
2017-11-15 12:00:00,37.5,-115.625,285.5,0.06238,0.0,6.227,-20.0,24
2017-11-15 12:00:00,37.5,-115.0,286.0,0.06073,0.0,5.797,-20.0,24
2017-11-15 12:00:00,37.5,-114.375,285.0,0.09125,0.0,5.957,-20.0,24
2017-11-15 12:00:00,37.5,-113.75,284.0,0.09686,0.0,6.42,-20.0,24
2017-11-15 12:00:00,38.0,-123.75,287.5,0.8,0.0008087,14.305,-20.0,24
2017-11-15 12:00:00,38.0,-123.125,286.8,0.0,0.0005636,11.24,-20.0,24
2017-11-15 12:00:00,38.0,-122.5,286.5,0.1083,0.0003645,8.92,-20.0,24
2017-11-15 12:00:00,38.0,-121.875,287.8,0.0955,0.000189,9.23,-20.0,24
2017-11-15 12:00:00,38.0,-121.25,289.2,0.1035,4.09e-05,9.21,-20.0,24
2017-11-15 12:00:00,38.0,-120.625,288.0,0.10583,0.0002558,9.41,-20.0,24
2017-11-15 12:00:00,38.0,-120.0,281.5,0.1351,0.001577,8.805,-20.0,24
2017-11-15 12:00:00,38.0,-119.375,275.5,0.0886,0.0005474,12.55,-20.0,24
2017-11-15 12:00:00,38.0,-118.75,280.0,0.0736,3.6e-07,14.04,-20.0,24
2017-11-15 12:00:00,38.0,-118.125,284.0,0.0454,1.25e-06,9.44,-20.0,24
2017-11-15 12:00:00,38.0,-117.5,285.5,0.03848,5.4e-07,8.19,-20.0,24
2017-11-15 12:00:00,38.0,-116.875,284.0,0.04974,0.0,8.83,-20.0,24
2017-11-15 12:00:00,38.0,-116.25,284.2,0.05872,0.0,8.516,-20.0,24
2017-11-15 12:00:00,38.0,-115.625,284.0,0.06174,0.0,7.242,-20.0,24
2017-11-15 12:00:00,38.0,-115.0,284.5,0.0591,0.0,7.297,-20.0,24
2017-11-15 12:00:00,38.0,-114.375,283.5,0.0808,0.0,7.76,-20.0,24
2017-11-15 12:00:00,38.0,-113.75,283.5,0.0931,0.0,9.09,-20.0,24
2017-11-15 12:00:00,38.5,-123.75,286.5,0.0,0.00288,15.32,-20.0,24
2017-11-15 12:00:00,38.5,-123.125,284.8,0.152,0.0025,10.19,-20.0,24
2017-11-15 12:00:00,38.5,-122.5,284.5,0.1277,0.0012665,8.195,0.1428,24
2017-11-15 12:00:00,38.5,-121.875,286.5,0.1078,0.0003664,7.44,0.5713,24
2017-11-15 12:00:00,38.5,-121.25,288.5,0.11005,0.000257,10.2,-20.0,24
2017-11-15 12:00:00,38.5,-120.625,284.0,0.1544,0.001713,10.69,-20.0,24
2017-11-15 12:00:00,38.5,-120.0,277.5,0.1339,0.002325,12.055,-20.0,24
2017-11-15 12:00:00,38.5,-119.375,278.0,0.08484,0.000456,14.875,-20.0,24
2017-11-15 12:00:00,38.5,-118.75,283.0,0.0605,1e-06,11.5,-20.0,24
2017-11-15 12:00:00,38.5,-118.125,284.0,0.043,1.19e-05,9.8,-20.0,24
2017-11-15 12:00:00,38.5,-117.5,283.5,0.04956,1.21e-05,9.59,-20.0,24
2017-11-15 12:00:00,38.5,-116.875,282.0,0.0729,2.44e-06,10.11,-20.0,24
2017-11-15 12:00:00,38.5,-116.25,283.2,0.05753,0.0,9.81,-20.0,24
2017-11-15 12:00:00,38.5,-115.625,283.5,0.06506,0.0,8.48,-20.0,24
2017-11-15 12:00:00,38.5,-115.0,282.8,0.0714,0.0,8.07,-20.0,24
2017-11-15 12:00:00,38.5,-114.375,282.0,0.07697,0.0,9.28,-20.0,24
2017-11-15 12:00:00,38.5,-113.75,283.0,0.0708,0.0,9.65,-20.0,24
2017-11-15 12:00:00,39.0,-123.75,284.5,0.0,0.006004,13.87,0.1428,24
2017-11-15 12:00:00,39.0,-123.125,281.5,0.0,0.005566,6.996,-20.0,24
2017-11-15 12:00:00,39.0,-122.5,282.5,0.11255,0.0019045,7.992,0.1428,24
2017-11-15 12:00:00,39.0,-121.875,286.0,0.09674,0.000689,8.02,0.1428,24
2017-11-15 12:00:00,39.0,-121.25,286.5,0.1294,0.001661,9.08,0.1428,24
2017-11-15 12:00:00,39.0,-120.625,280.0,0.1561,0.00328,10.99,0.2856,24
2017-11-15 12:00:00,39.0,-120.0,277.5,0.11273,0.001444,14.27,-20.0,24
2017-11-15 12:00:00,39.0,-119.375,282.0,0.07025,3.34e-06,14.47,-20.0,24
2017-11-15 12:00:00,39.0,-118.75,285.2,0.04343,4.345e-05,10.03,-20.0,24
2017-11-15 12:00:00,39.0,-118.125,284.0,0.04642,2.944e-05,9.5,-20.0,24
2017-11-15 12:00:00,39.0,-117.5,281.8,0.07446,3.505e-05,10.586,-20.0,24
2017-11-15 12:00:00,39.0,-116.875,281.0,0.05798,1.043e-05,11.33,-20.0,24
2017-11-15 12:00:00,39.0,-116.25,281.5,0.07135,2e-07,10.92,-20.0,24
2017-11-15 12:00:00,39.0,-115.625,281.5,0.0618,0.0,9.72,-20.0,24
2017-11-15 12:00:00,39.0,-115.0,281.5,0.0872,0.0,9.55,-20.0,24
2017-11-15 12:00:00,39.0,-114.375,281.2,0.0834,0.0,9.77,-20.0,24
2017-11-15 12:00:00,39.0,-113.75,283.0,0.0537,0.0,9.44,-20.0,24
2017-11-15 12:00:00,39.5,-123.75,283.0,0.0,0.00798,12.57,-20.0,24
2017-11-15 12:00:00,39.5,-123.125,277.5,0.0,0.00987,5.797,-20.0,24
2017-11-15 12:00:00,39.5,-122.5,281.2,0.08215,0.002632,6.09,-20.0,24
2017-11-15 12:00:00,39.5,-121.875,284.5,0.0672,0.002441,8.79,0.1428,24
2017-11-15 12:00:00,39.5,-121.25,281.5,0.1824,0.00511,9.336,0.2856,24
2017-11-15 12:00:00,39.5,-120.625,276.2,0.1648,0.004116,12.35,-20.0,24
2017-11-15 12:00:00,39.5,-120.0,278.0,0.1094,0.0005674,14.86,-20.0,24
2017-11-15 12:00:00,39.5,-119.375,282.5,0.0569,7.1e-05,13.83,-20.0,24
2017-11-15 12:00:00,39.5,-118.75,285.5,0.0638,2.396e-05,11.555,-20.0,24
2017-11-15 12:00:00,39.5,-118.125,284.5,0.05624,1.89e-05,10.47,-20.0,24
2017-11-15 12:00:00,39.5,-117.5,282.0,0.0741,3.105e-05,10.73,-20.0,24
2017-11-15 12:00:00,39.5,-116.875,281.5,0.0608,7.5e-06,11.5,-20.0,24
2017-11-15 12:00:00,39.5,-116.25,282.0,0.0625,8.3e-07,11.195,-20.0,24
2017-11-15 12:00:00,39.5,-115.625,281.5,0.04657,6e-08,10.1,-20.0,24
2017-11-15 12:00:00,39.5,-115.0,280.8,0.04492,0.0,10.25,-20.0,24
2017-11-15 12:00:00,39.5,-114.375,281.0,0.0,0.0,9.63,-20.0,24
2017-11-15 12:00:00,39.5,-113.75,282.5,0.0,0.0,8.1,-20.0,24
2017-11-15 12:00:00,40.0,-123.75,281.0,0.0,0.00854,11.85,-20.0,24
2017-11-15 12:00:00,40.0,-123.125,275.8,0.0,0.00852,7.023,-20.0,24
2017-11-15 12:00:00,40.0,-122.5,280.0,0.1401,0.002085,6.86,-20.0,24
2017-11-15 12:00:00,40.0,-121.875,281.5,0.148,0.005943,11.98,-20.0,24
2017-11-15 12:00:00,40.0,-121.25,276.0,0.1581,0.00776,9.18,0.1428,24
2017-11-15 12:00:00,40.0,-120.625,276.2,0.14,0.001246,11.94,0.1428,24
2017-11-15 12:00:00,40.0,-120.0,279.2,0.09094,0.0002694,13.25,-20.0,24
2017-11-15 12:00:00,40.0,-119.375,281.5,0.05728,0.0004165,12.57,-20.0,24
2017-11-15 12:00:00,40.0,-118.75,283.8,0.04272,0.0001979,11.52,-20.0,24
2017-11-15 12:00:00,40.0,-118.125,284.0,0.03223,7.95e-05,9.81,-20.0,24
2017-11-15 12:00:00,40.0,-117.5,284.0,0.0,6.1e-06,10.29,-20.0,24
2017-11-15 12:00:00,40.0,-116.875,282.0,0.0,3.64e-06,11.6,-20.0,24
2017-11-15 12:00:00,40.0,-116.25,281.5,0.0,6e-07,11.016,-20.0,24
2017-11-15 12:00:00,40.0,-115.625,280.5,0.0,2e-07,9.79,-20.0,24
2017-11-15 12:00:00,40.0,-115.0,280.2,0.0,0.0,10.29,-20.0,24
2017-11-15 12:00:00,40.0,-114.375,281.5,0.0,0.0,9.52,-20.0,24
2017-11-15 12:00:00,40.0,-113.75,282.8,0.0,0.0,7.324,-20.0,24
2017-11-15 12:00:00,40.5,-123.75,278.8,0.0,0.007263,9.66,0.2856,24
2017-11-15 12:00:00,40.5,-123.125,275.5,0.0,0.00644,6.777,-20.0,24
2017-11-15 12:00:00,40.5,-122.5,279.2,0.0,0.002758,7.61,-20.0,24
2017-11-15 12:00:00,40.5,-121.875,278.5,0.1464,0.006638,10.51,-20.0,24
2017-11-15 12:00:00,40.5,-121.25,274.0,0.1461,0.00478,9.86,0.1428,24
2017-11-15 12:00:00,40.5,-120.625,275.5,0.1554,0.001425,10.94,-20.0,24
2017-11-15 12:00:00,40.5,-120.0,278.2,0.0,0.0005007,12.45,-20.0,24
2017-11-15 12:00:00,40.5,-119.375,280.0,0.0,0.0003572,12.8,-20.0,24
2017-11-15 12:00:00,40.5,-118.75,280.5,0.0,0.0004332,11.695,-20.0,24
2017-11-15 12:00:00,40.5,-118.125,280.5,0.0,0.0004115,8.48,-20.0,24
2017-11-15 12:00:00,40.5,-117.5,280.5,0.0,0.0002365,7.73,-20.0,24
2017-11-15 12:00:00,40.5,-116.875,281.2,0.0,1.556e-05,9.6,-20.0,24
2017-11-15 12:00:00,40.5,-116.25,280.5,0.0,1.687e-05,10.36,-20.0,24
2017-11-15 12:00:00,40.5,-115.625,279.5,0.0,1.43e-06,9.805,-20.0,24
2017-11-15 12:00:00,40.5,-115.0,280.0,0.0,6e-08,9.19,-20.0,24
2017-11-15 12:00:00,40.5,-114.375,281.0,0.0,0.0,6.81,-20.0,24
2017-11-15 12:00:00,40.5,-113.75,282.0,0.0,0.0,5.113,-20.0,24
2017-11-15 12:00:00,41.0,-123.75,278.5,0.0,0.007027,9.01,-20.0,24
2017-11-15 12:00:00,41.0,-123.125,274.5,0.0,0.00642,7.582,-20.0,24
2017-11-15 12:00:00,41.0,-122.5,275.5,0.0,0.003983,6.48,0.1428,24
2017-11-15 12:00:00,41.0,-121.875,276.2,0.0,0.003983,7.36,-20.0,24
2017-11-15 12:00:00,41.0,-121.25,276.5,0.0,0.001817,9.73,0.4285,24
2017-11-15 12:00:00,41.0,-120.625,274.5,0.0,0.002388,9.84,-20.0,24
2017-11-15 12:00:00,41.0,-120.0,275.0,0.0,0.00181,11.53,-20.0,24
2017-11-15 12:00:00,41.0,-119.375,277.5,0.0,0.0004807,12.42,-20.0,24
2017-11-15 12:00:00,41.0,-118.75,279.5,0.0,0.00022,11.39,-20.0,24
2017-11-15 12:00:00,41.0,-118.125,279.5,0.0,0.0003116,8.71,-20.0,24
2017-11-15 12:00:00,41.0,-117.5,279.2,0.0,0.0002904,6.383,-20.0,24
2017-11-15 12:00:00,41.0,-116.875,279.0,0.0,0.0002353,5.56,-20.0,24
2017-11-15 12:00:00,41.0,-116.25,277.5,0.0,0.0001774,8.06,-20.0,24
2017-11-15 12:00:00,41.0,-115.625,278.0,0.0,9.5e-06,9.49,-20.0,24
2017-11-15 12:00:00,41.0,-115.0,278.5,0.0,6e-07,8.62,-20.0,24
2017-11-15 12:00:00,41.0,-114.375,279.0,0.0,1e-07,4.938,-20.0,24
2017-11-15 12:00:00,41.0,-113.75,279.5,0.0,6e-08,3.36,-20.0,24
2017-11-15 12:00:00,41.5,-123.75,278.5,0.0,0.005714,6.715,0.1428,24
2017-11-15 12:00:00,41.5,-123.125,275.0,0.0,0.003822,7.547,0.2856,24
2017-11-15 12:00:00,41.5,-122.5,275.0,0.0,0.0013485,8.93,-20.0,24
2017-11-15 12:00:00,41.5,-121.875,274.0,0.0,0.0014715,8.56,-20.0,24
2017-11-15 12:00:00,41.5,-121.25,275.5,0.0,0.001644,9.516,-20.0,24
2017-11-15 12:00:00,41.5,-120.625,275.5,0.0,0.0014515,9.15,-20.0,24
2017-11-15 12:00:00,41.5,-120.0,275.0,0.0,0.001096,9.76,-20.0,24
2017-11-15 12:00:00,41.5,-119.375,275.0,0.0,0.001343,9.28,-20.0,24
2017-11-15 12:00:00,41.5,-118.75,276.8,0.0,0.0006013,8.02,-20.0,24
2017-11-15 12:00:00,41.5,-118.125,278.0,0.0,0.000287,8.055,-20.0,24
2017-11-15 12:00:00,41.5,-117.5,277.0,0.0,0.0003772,7.03,-20.0,24
2017-11-15 12:00:00,41.5,-116.875,276.5,0.0,0.0002904,8.195,-20.0,24
2017-11-15 12:00:00,41.5,-116.25,275.8,0.0,0.0001762,8.78,-20.0,24
2017-11-15 12:00:00,41.5,-115.625,275.5,0.0,0.000114,8.99,-20.0,24
2017-11-15 12:00:00,41.5,-115.0,276.8,0.0,3.14e-05,8.414,-20.0,24
2017-11-15 12:00:00,41.5,-114.375,277.2,0.0,1.06e-05,6.33,-20.0,24
2017-11-15 12:00:00,41.5,-113.75,278.0,0.0,4.23e-06,3.137,-20.0,24
2017-11-15 12:00:00,42.0,-123.75,278.8,0.0,0.003122,8.414,-20.0,24
2017-11-15 12:00:00,42.0,-123.125,276.5,0.0,0.001847,7.227,0.1428,24
2017-11-15 12:00:00,42.0,-122.5,275.2,0.0,0.002155,6.305,-20.0,24
2017-11-15 12:00:00,42.0,-121.875,274.8,0.0,0.001798,8.984,-20.0,24
2017-11-15 12:00:00,42.0,-121.25,275.5,0.0,0.001062,10.47,-20.0,24
2017-11-15 12:00:00,42.0,-120.625,274.5,0.0,0.001661,9.15,-20.0,24
2017-11-15 12:00:00,42.0,-120.0,275.2,0.0,0.0007524,9.85,0.2856,24
2017-11-15 12:00:00,42.0,-119.375,275.2,0.0,0.0005183,10.8,-20.0,24
2017-11-15 12:00:00,42.0,-118.75,277.0,0.0,0.0001686,9.49,-20.0,24
2017-11-15 12:00:00,42.0,-118.125,275.5,0.0,0.000706,9.59,-20.0,24
2017-11-15 12:00:00,42.0,-117.5,276.5,0.0,0.000248,9.63,-20.0,24
2017-11-15 12:00:00,42.0,-116.875,276.5,0.0,0.0002334,9.93,-20.0,24
2017-11-15 12:00:00,42.0,-116.25,276.8,0.0,0.0002935,10.24,-20.0,24
2017-11-15 12:00:00,42.0,-115.625,277.0,0.0,0.0001326,10.65,-20.0,24
2017-11-15 12:00:00,42.0,-115.0,277.0,0.0,0.0001718,10.76,-20.0,24
2017-11-15 12:00:00,42.0,-114.375,277.0,0.0,5.186e-05,10.234,-20.0,24
2017-11-15 12:00:00,42.0,-113.75,276.5,0.0,3.004e-05,7.91,-20.0,24
2017-11-16 00:00:00,32.5,-123.75,291.0,0.8,4.524e-05,4.83,-20.0,36
2017-11-16 00:00:00,32.5,-123.125,291.0,0.8,1.043e-05,4.184,-20.0,36
2017-11-16 00:00:00,32.5,-122.5,291.0,0.8,1e-07,3.332,-20.0,36
2017-11-16 00:00:00,32.5,-121.875,290.5,0.8,0.0,3.938,-20.0,36
2017-11-16 00:00:00,32.5,-121.25,290.2,0.8,0.0,5.58,-20.0,36
2017-11-16 00:00:00,32.5,-120.625,290.2,0.8,0.0,7.27,-20.0,36
2017-11-16 00:00:00,32.5,-120.0,290.5,0.8,0.0,8.44,-20.0,36
2017-11-16 00:00:00,32.5,-119.375,290.5,0.8,0.0,8.375,-20.0,36
2017-11-16 00:00:00,32.5,-118.75,291.2,0.8,0.0,8.32,-20.0,36
2017-11-16 00:00:00,32.5,-118.125,292.2,0.8,0.0,7.254,-20.0,36
2017-11-16 00:00:00,32.5,-117.5,292.5,0.145,0.0,6.35,-20.0,36
2017-11-16 00:00:00,32.5,-116.875,292.5,0.1667,0.0,4.684,0.2778,36
2017-11-16 00:00:00,32.5,-116.25,292.0,0.1438,0.0,3.354,-20.0,36
2017-11-16 00:00:00,32.5,-115.625,294.0,0.177,0.0,3.732,0.2778,36
2017-11-16 00:00:00,32.5,-115.0,294.0,0.1646,0.0,5.914,-20.0,36
2017-11-16 00:00:00,32.5,-114.375,293.5,0.1527,0.0,5.527,-20.0,36
2017-11-16 00:00:00,32.5,-113.75,293.0,0.1537,0.0,4.977,-20.0,36
2017-11-16 00:00:00,33.0,-123.75,290.8,0.8,7.707e-05,5.215,-20.0,36
2017-11-16 00:00:00,33.0,-123.125,290.5,0.8,4.82e-05,4.73,-20.0,36
2017-11-16 00:00:00,33.0,-122.5,290.2,0.8,1.68e-05,3.965,-20.0,36
2017-11-16 00:00:00,33.0,-121.875,290.0,0.8,3e-07,3.729,-20.0,36
2017-11-16 00:00:00,33.0,-121.25,290.0,0.8,0.0,5.27,-20.0,36
2017-11-16 00:00:00,33.0,-120.625,290.0,0.8,0.0,6.977,-20.0,36
2017-11-16 00:00:00,33.0,-120.0,290.0,0.8,0.0,8.19,-20.0,36
2017-11-16 00:00:00,33.0,-119.375,290.5,0.1178,0.0,8.35,-20.0,36
2017-11-16 00:00:00,33.0,-118.75,291.2,0.1165,0.0,7.883,-20.0,36
2017-11-16 00:00:00,33.0,-118.125,292.0,0.09033,0.0,6.758,-20.0,36
2017-11-16 00:00:00,33.0,-117.5,293.0,0.1914,0.0,6.066,-20.0,36
2017-11-16 00:00:00,33.0,-116.875,292.0,0.197,0.0,4.863,-20.0,36
2017-11-16 00:00:00,33.0,-116.25,293.5,0.1416,0.0,3.754,-20.0,36
2017-11-16 00:00:00,33.0,-115.625,294.0,0.2349,0.0,4.062,-20.0,36
2017-11-16 00:00:00,33.0,-115.0,292.0,0.08057,0.0,5.324,-20.0,36
2017-11-16 00:00:00,33.0,-114.375,293.0,0.09467,0.0,5.11,-20.0,36
2017-11-16 00:00:00,33.0,-113.75,292.8,0.0981,0.0,4.508,-20.0,36
2017-11-16 00:00:00,33.5,-123.75,290.5,0.8,0.00012153,6.02,-20.0,36
2017-11-16 00:00:00,33.5,-123.125,290.0,0.8,9.63e-05,5.297,-20.0,36
2017-11-16 00:00:00,33.5,-122.5,289.8,0.8,4.88e-05,4.57,-20.0,36
2017-11-16 00:00:00,33.5,-121.875,290.0,0.8,7e-06,3.834,-20.0,36
2017-11-16 00:00:00,33.5,-121.25,289.5,0.8,1e-07,4.973,-20.0,36
2017-11-16 00:00:00,33.5,-120.625,289.5,0.8,0.0,6.797,-20.0,36
2017-11-16 00:00:00,33.5,-120.0,290.0,0.8,0.0,8.375,-20.0,36
2017-11-16 00:00:00,33.5,-119.375,290.8,0.05603,0.0,7.945,-20.0,36
2017-11-16 00:00:00,33.5,-118.75,291.5,0.1426,0.0,6.926,-20.0,36
2017-11-16 00:00:00,33.5,-118.125,291.8,0.1704,0.0,6.344,-20.0,36
2017-11-16 00:00:00,33.5,-117.5,292.2,0.1816,0.0,5.43,-20.0,36
2017-11-16 00:00:00,33.5,-116.875,290.0,0.1924,0.0,4.406,-20.0,36
2017-11-16 00:00:00,33.5,-116.25,293.0,0.1343,0.0,4.31,-20.0,36
2017-11-16 00:00:00,33.5,-115.625,292.2,0.07465,0.0,5.01,-20.0,36
2017-11-16 00:00:00,33.5,-115.0,291.5,0.08563,0.0,3.875,0.2778,36
2017-11-16 00:00:00,33.5,-114.375,292.0,0.11884,0.0,3.906,-20.0,36
2017-11-16 00:00:00,33.5,-113.75,291.5,0.10333,0.0,4.39,-20.0,36
2017-11-16 00:00:00,34.0,-123.75,290.0,0.8,0.0001493,6.88,-20.0,36
2017-11-16 00:00:00,34.0,-123.125,290.0,0.8,0.0001438,5.992,-20.0,36
2017-11-16 00:00:00,34.0,-122.5,289.8,0.8,8.88e-05,5.266,-20.0,36
2017-11-16 00:00:00,34.0,-121.875,289.5,0.8,3.827e-05,4.484,-20.0,36
2017-11-16 00:00:00,34.0,-121.25,289.5,0.8,2.4e-07,4.66,-20.0,36
2017-11-16 00:00:00,34.0,-120.625,289.2,0.8,0.0,6.613,-20.0,36
2017-11-16 00:00:00,34.0,-120.0,289.8,0.1362,0.0,7.996,-20.0,36
2017-11-16 00:00:00,34.0,-119.375,292.0,0.1847,0.0,7.26,-20.0,36
2017-11-16 00:00:00,34.0,-118.75,292.2,0.1997,0.0,6.414,-20.0,36
2017-11-16 00:00:00,34.0,-118.125,290.8,0.1794,0.0,6.39,-20.0,36
2017-11-16 00:00:00,34.0,-117.5,290.5,0.1794,0.0,5.78,-20.0,36
2017-11-16 00:00:00,34.0,-116.875,288.5,0.1909,0.0,5.13,-20.0,36
2017-11-16 00:00:00,34.0,-116.25,289.5,0.10187,0.0,3.861,-20.0,36
2017-11-16 00:00:00,34.0,-115.625,291.0,0.0752,0.0,5.34,-20.0,36
2017-11-16 00:00:00,34.0,-115.0,291.5,0.0759,0.0,2.92,-20.0,36
2017-11-16 00:00:00,34.0,-114.375,292.5,0.1238,0.0,2.53,-20.0,36
2017-11-16 00:00:00,34.0,-113.75,291.5,0.0924,0.0,3.955,-20.0,36
2017-11-16 00:00:00,34.5,-123.75,290.0,0.8,0.0001285,7.67,-20.0,36
2017-11-16 00:00:00,34.5,-123.125,289.8,0.8,0.0001311,6.76,-20.0,36
2017-11-16 00:00:00,34.5,-122.5,289.8,0.8,0.00011307,6.113,-20.0,36
2017-11-16 00:00:00,34.5,-121.875,289.2,0.8,7.09e-05,5.098,-20.0,36
2017-11-16 00:00:00,34.5,-121.25,289.5,0.8,2.7e-06,4.09,-20.0,36
2017-11-16 00:00:00,34.5,-120.625,289.5,0.8,0.0,5.543,-20.0,36
2017-11-16 00:00:00,34.5,-120.0,290.0,0.1998,6e-08,6.688,-20.0,36
2017-11-16 00:00:00,34.5,-119.375,290.0,0.2136,0.0,5.957,-20.0,36
2017-11-16 00:00:00,34.5,-118.75,290.2,0.1837,0.0,4.797,-20.0,36
2017-11-16 00:00:00,34.5,-118.125,289.0,0.1577,0.0,5.56,-20.0,36
2017-11-16 00:00:00,34.5,-117.5,287.8,0.1311,0.0,5.2,-20.0,36
2017-11-16 00:00:00,34.5,-116.875,287.0,0.1061,0.0,5.617,-20.0,36
2017-11-16 00:00:00,34.5,-116.25,289.0,0.0735,0.0,5.125,-20.0,36
2017-11-16 00:00:00,34.5,-115.625,290.0,0.07043,0.0,5.348,-20.0,36
2017-11-16 00:00:00,34.5,-115.0,290.8,0.08124,0.0,2.418,-20.0,36
2017-11-16 00:00:00,34.5,-114.375,291.0,0.07336,0.0,3.463,-20.0,36
2017-11-16 00:00:00,34.5,-113.75,289.5,0.09576,0.0,4.2,-20.0,36
2017-11-16 00:00:00,35.0,-123.75,290.0,0.8,0.00010175,8.33,-20.0,36
2017-11-16 00:00:00,35.0,-123.125,289.5,0.8,0.0001175,7.414,-20.0,36
2017-11-16 00:00:00,35.0,-122.5,289.5,0.8,8.464e-05,6.633,-20.0,36
2017-11-16 00:00:00,35.0,-121.875,289.0,0.8,3.797e-05,5.758,-20.0,36
2017-11-16 00:00:00,35.0,-121.25,288.8,0.8,1.174e-05,3.89,-20.0,36
2017-11-16 00:00:00,35.0,-120.625,288.0,0.8,1e-07,4.555,-20.0,36
2017-11-16 00:00:00,35.0,-120.0,288.0,0.1625,2e-07,6.117,-20.0,36
2017-11-16 00:00:00,35.0,-119.375,288.5,0.1603,6e-08,5.23,-20.0,36
2017-11-16 00:00:00,35.0,-118.75,288.2,0.1871,0.0,4.914,1.556,36
2017-11-16 00:00:00,35.0,-118.125,287.0,0.1233,0.0,6.4,-20.0,36
2017-11-16 00:00:00,35.0,-117.5,287.5,0.1045,0.0,7.145,-20.0,36
2017-11-16 00:00:00,35.0,-116.875,288.0,0.09326,0.0,7.24,-20.0,36
2017-11-16 00:00:00,35.0,-116.25,289.8,0.0696,0.0,4.9,-20.0,36
2017-11-16 00:00:00,35.0,-115.625,286.5,0.09595,0.0,4.223,-20.0,36
2017-11-16 00:00:00,35.0,-115.0,287.2,0.0945,0.0,3.479,-20.0,36
2017-11-16 00:00:00,35.0,-114.375,288.0,0.0967,0.0,4.676,-20.0,36
2017-11-16 00:00:00,35.0,-113.75,285.0,0.1153,0.0,4.883,-20.0,36
2017-11-16 00:00:00,35.5,-123.75,290.0,0.8,8.994e-05,8.984,-20.0,36
2017-11-16 00:00:00,35.5,-123.125,289.5,0.8,0.0001018,8.23,-20.0,36
2017-11-16 00:00:00,35.5,-122.5,289.5,0.8,8.97e-05,7.023,-20.0,36
2017-11-16 00:00:00,35.5,-121.875,289.0,0.8,5.78e-05,5.984,-20.0,36
2017-11-16 00:00:00,35.5,-121.25,288.0,0.2139,5.52e-05,4.523,-20.0,36
2017-11-16 00:00:00,35.5,-120.625,286.8,0.1873,1.705e-05,5.61,-20.0,36
2017-11-16 00:00:00,35.5,-120.0,288.5,0.1584,6e-08,7.56,-20.0,36
2017-11-16 00:00:00,35.5,-119.375,292.0,0.2026,3e-07,4.523,1.556,36
2017-11-16 00:00:00,35.5,-118.75,289.8,0.1757,8.8e-06,4.094,-20.0,36
2017-11-16 00:00:00,35.5,-118.125,284.0,0.1392,0.0,8.45,-20.0,36
2017-11-16 00:00:00,35.5,-117.5,287.0,0.09,0.0,8.664,-20.0,36
2017-11-16 00:00:00,35.5,-116.875,287.5,0.07336,0.0,7.48,-20.0,36
2017-11-16 00:00:00,35.5,-116.25,288.0,0.06934,0.0,6.14,-20.0,36
2017-11-16 00:00:00,35.5,-115.625,284.5,0.10156,0.0,6.52,-20.0,36
2017-11-16 00:00:00,35.5,-115.0,284.5,0.09296,0.0,6.08,-20.0,36
2017-11-16 00:00:00,35.5,-114.375,285.5,0.0917,0.0,5.91,-20.0,36
2017-11-16 00:00:00,35.5,-113.75,283.0,0.11456,0.0,5.617,-20.0,36
2017-11-16 00:00:00,36.0,-123.75,290.0,0.8,0.0004315,9.87,-20.0,36
2017-11-16 00:00:00,36.0,-123.125,289.5,0.8,0.0001589,9.34,-20.0,36
2017-11-16 00:00:00,36.0,-122.5,289.0,0.8,7.707e-05,7.98,-20.0,36
2017-11-16 00:00:00,36.0,-121.875,288.0,0.1733,0.0001788,5.926,-20.0,36
2017-11-16 00:00:00,36.0,-121.25,285.5,0.2181,6.62e-05,5.29,-20.0,36
2017-11-16 00:00:00,36.0,-120.625,286.5,0.1482,2.52e-05,6.76,-20.0,36
2017-11-16 00:00:00,36.0,-120.0,289.2,0.1589,0.0,8.63,-20.0,36
2017-11-16 00:00:00,36.0,-119.375,291.5,0.2025,6.6e-07,7.016,3.111,36
2017-11-16 00:00:00,36.0,-118.75,287.0,0.1831,2.766e-05,4.277,-20.0,36
2017-11-16 00:00:00,36.0,-118.125,279.0,0.1521,3.3e-05,8.586,-20.0,36
2017-11-16 00:00:00,36.0,-117.5,285.0,0.0837,0.0,6.363,-20.0,36
2017-11-16 00:00:00,36.0,-116.875,287.5,0.0671,0.0,5.414,-20.0,36
2017-11-16 00:00:00,36.0,-116.25,287.0,0.07404,0.0,6.887,-20.0,36
2017-11-16 00:00:00,36.0,-115.625,283.2,0.1078,0.0,6.723,-20.0,36
2017-11-16 00:00:00,36.0,-115.0,286.8,0.0887,0.0,5.523,-20.0,36
2017-11-16 00:00:00,36.0,-114.375,286.2,0.0837,0.0,5.52,-20.0,36
2017-11-16 00:00:00,36.0,-113.75,282.8,0.12427,0.0,5.387,-20.0,36
2017-11-16 00:00:00,36.5,-123.75,290.0,0.8,0.001531,10.73,-20.0,36
2017-11-16 00:00:00,36.5,-123.125,290.0,0.8,0.0006704,10.516,-20.0,36
2017-11-16 00:00:00,36.5,-122.5,289.0,0.8,0.0002123,10.09,-20.0,36
2017-11-16 00:00:00,36.5,-121.875,287.5,0.1895,0.0001588,7.113,-20.0,36
2017-11-16 00:00:00,36.5,-121.25,285.5,0.1816,2.31e-05,6.57,-20.0,36
2017-11-16 00:00:00,36.5,-120.625,287.0,0.1635,2e-06,7.82,-20.0,36
2017-11-16 00:00:00,36.5,-120.0,289.2,0.1927,6e-08,7.78,3.111,36
2017-11-16 00:00:00,36.5,-119.375,290.8,0.2269,6e-08,9.01,0.8887,36
2017-11-16 00:00:00,36.5,-118.75,279.5,0.2255,0.000558,4.777,-20.0,36
2017-11-16 00:00:00,36.5,-118.125,276.5,0.1389,6.26e-06,9.58,-20.0,36
2017-11-16 00:00:00,36.5,-117.5,285.0,0.0672,0.0,4.926,-20.0,36
2017-11-16 00:00:00,36.5,-116.875,286.5,0.05124,0.0,4.977,-20.0,36
2017-11-16 00:00:00,36.5,-116.25,284.8,0.0447,0.0,7.215,-20.0,36
2017-11-16 00:00:00,36.5,-115.625,281.2,0.0961,0.0,7.902,-20.0,36
2017-11-16 00:00:00,36.5,-115.0,284.5,0.09766,0.0,4.04,-20.0,36
2017-11-16 00:00:00,36.5,-114.375,285.8,0.09607,0.0,5.062,-20.0,36
2017-11-16 00:00:00,36.5,-113.75,281.5,0.0696,0.0,7.098,-20.0,36
2017-11-16 00:00:00,37.0,-123.75,289.5,0.8,0.00372,11.78,-20.0,36
2017-11-16 00:00:00,37.0,-123.125,289.5,0.8,0.002943,11.36,-20.0,36
2017-11-16 00:00:00,37.0,-122.5,289.0,0.1907,0.001822,10.99,-20.0,36
2017-11-16 00:00:00,37.0,-121.875,287.0,0.2042,0.000698,7.902,-20.0,36
2017-11-16 00:00:00,37.0,-121.25,286.5,0.1512,0.00010914,7.15,-20.0,36
2017-11-16 00:00:00,37.0,-120.625,289.0,0.1674,4.6e-06,7.0,-20.0,36
2017-11-16 00:00:00,37.0,-120.0,288.5,0.1134,0.0,8.34,-20.0,36
2017-11-16 00:00:00,37.0,-119.375,284.0,0.11523,7.14e-05,7.293,-20.0,36
2017-11-16 00:00:00,37.0,-118.75,273.8,0.10333,0.001791,8.98,-20.0,36
2017-11-16 00:00:00,37.0,-118.125,278.5,0.0585,6e-07,10.28,-20.0,36
2017-11-16 00:00:00,37.0,-117.5,284.0,0.03552,0.0,4.85,-20.0,36
2017-11-16 00:00:00,37.0,-116.875,282.5,0.0446,0.0,5.867,-20.0,36
2017-11-16 00:00:00,37.0,-116.25,281.0,0.0559,0.0,6.746,-20.0,36
2017-11-16 00:00:00,37.0,-115.625,281.5,0.0474,0.0,6.586,-20.0,36
2017-11-16 00:00:00,37.0,-115.0,281.8,0.05048,0.0,4.812,-20.0,36
2017-11-16 00:00:00,37.0,-114.375,283.5,0.0592,0.0,4.63,-20.0,36
2017-11-16 00:00:00,37.0,-113.75,283.2,0.0597,0.0,5.64,-20.0,36
2017-11-16 00:00:00,37.5,-123.75,288.5,0.8,0.004776,13.21,-20.0,36
2017-11-16 00:00:00,37.5,-123.125,288.8,0.8,0.005436,12.36,-20.0,36
2017-11-16 00:00:00,37.5,-122.5,288.5,0.1458,0.004627,11.67,-20.0,36
2017-11-16 00:00:00,37.5,-121.875,287.0,0.1172,0.00163,9.88,-20.0,36
2017-11-16 00:00:00,37.5,-121.25,287.5,0.09204,0.000511,8.16,-20.0,36
2017-11-16 00:00:00,37.5,-120.625,289.0,0.1096,0.0002592,7.05,-20.0,36
2017-11-16 00:00:00,37.5,-120.0,285.0,0.09845,0.0002024,7.312,-20.0,36
2017-11-16 00:00:00,37.5,-119.375,275.8,0.1261,0.004395,8.2,-20.0,36
2017-11-16 00:00:00,37.5,-118.75,274.0,0.0863,0.0008965,14.2,-20.0,36
2017-11-16 00:00:00,37.5,-118.125,278.5,0.06067,0.0,10.07,-20.0,36
2017-11-16 00:00:00,37.5,-117.5,281.0,0.04916,0.0,7.91,-20.0,36
2017-11-16 00:00:00,37.5,-116.875,280.5,0.0418,0.0,9.51,-20.0,36
2017-11-16 00:00:00,37.5,-116.25,279.0,0.053,0.0,7.76,-20.0,36
2017-11-16 00:00:00,37.5,-115.625,279.0,0.05905,0.0,6.07,-20.0,36
2017-11-16 00:00:00,37.5,-115.0,279.2,0.05746,0.0,6.152,-20.0,36
2017-11-16 00:00:00,37.5,-114.375,278.0,0.08636,0.0,6.812,-20.0,36
2017-11-16 00:00:00,37.5,-113.75,277.5,0.0916,0.0,6.973,-20.0,36
2017-11-16 00:00:00,38.0,-123.75,288.0,0.8,0.00461,14.63,-20.0,36
2017-11-16 00:00:00,38.0,-123.125,287.8,0.0,0.005684,12.33,-20.0,36
2017-11-16 00:00:00,38.0,-122.5,287.8,0.1025,0.00556,11.4,-20.0,36
2017-11-16 00:00:00,38.0,-121.875,288.0,0.0904,0.005108,10.48,-20.0,36
2017-11-16 00:00:00,38.0,-121.25,288.5,0.09796,0.003387,8.81,-20.0,36
2017-11-16 00:00:00,38.0,-120.625,286.0,0.10016,0.002043,8.484,-20.0,36
2017-11-16 00:00:00,38.0,-120.0,279.5,0.1279,0.003267,8.71,-20.0,36
2017-11-16 00:00:00,38.0,-119.375,273.5,0.08386,0.001841,12.72,-20.0,36
2017-11-16 00:00:00,38.0,-118.75,276.5,0.0697,6e-08,16.28,-20.0,36
2017-11-16 00:00:00,38.0,-118.125,278.5,0.04297,0.0,8.93,-20.0,36
2017-11-16 00:00:00,38.0,-117.5,281.0,0.0364,0.0,8.766,-20.0,36
2017-11-16 00:00:00,38.0,-116.875,279.8,0.04706,0.0,9.87,-20.0,36
2017-11-16 00:00:00,38.0,-116.25,279.2,0.05557,0.0,9.85,-20.0,36
2017-11-16 00:00:00,38.0,-115.625,277.5,0.0584,0.0,7.918,-20.0,36
2017-11-16 00:00:00,38.0,-115.0,278.2,0.05594,0.0,7.863,-20.0,36
2017-11-16 00:00:00,38.0,-114.375,277.5,0.0764,0.0,9.64,-20.0,36
2017-11-16 00:00:00,38.0,-113.75,277.5,0.08813,0.0,11.28,-20.0,36
2017-11-16 00:00:00,38.5,-123.75,287.0,0.0,0.005768,15.164,-20.0,36
2017-11-16 00:00:00,38.5,-123.125,286.0,0.1438,0.00812,10.38,-20.0,36
2017-11-16 00:00:00,38.5,-122.5,286.0,0.12085,0.005165,10.555,-20.0,36
2017-11-16 00:00:00,38.5,-121.875,287.5,0.10205,0.004986,12.17,-20.0,36
2017-11-16 00:00:00,38.5,-121.25,288.2,0.1041,0.00892,11.375,-20.0,36
2017-11-16 00:00:00,38.5,-120.625,283.0,0.1461,0.00709,11.16,-20.0,36
2017-11-16 00:00:00,38.5,-120.0,276.5,0.1268,0.005356,12.33,-20.0,36
2017-11-16 00:00:00,38.5,-119.375,276.2,0.0803,0.000963,15.88,-20.0,36
2017-11-16 00:00:00,38.5,-118.75,280.2,0.05725,6e-08,14.875,-20.0,36
2017-11-16 00:00:00,38.5,-118.125,280.0,0.04068,6.6e-07,9.17,-20.0,36
2017-11-16 00:00:00,38.5,-117.5,279.8,0.04694,2.9e-06,9.44,-20.0,36
2017-11-16 00:00:00,38.5,-116.875,278.5,0.069,9.5e-07,10.266,-20.0,36
2017-11-16 00:00:00,38.5,-116.25,278.2,0.0544,0.0,10.43,-20.0,36
2017-11-16 00:00:00,38.5,-115.625,278.5,0.06155,0.0,9.53,-20.0,36
2017-11-16 00:00:00,38.5,-115.0,277.0,0.0676,0.0,8.22,-20.0,36
2017-11-16 00:00:00,38.5,-114.375,276.5,0.0728,0.0,10.016,-20.0,36
2017-11-16 00:00:00,38.5,-113.75,277.0,0.06696,0.0,10.66,-20.0,36
2017-11-16 00:00:00,39.0,-123.75,285.5,0.0,0.00666,13.945,-20.0,36
2017-11-16 00:00:00,39.0,-123.125,283.2,0.0,0.00835,8.29,-20.0,36
2017-11-16 00:00:00,39.0,-122.5,284.0,0.1065,0.003578,10.76,-20.0,36
2017-11-16 00:00:00,39.0,-121.875,286.5,0.0915,0.006107,12.914,-20.0,36
2017-11-16 00:00:00,39.0,-121.25,286.0,0.12244,0.01822,12.81,-20.0,36
2017-11-16 00:00:00,39.0,-120.625,280.2,0.1477,0.01402,11.87,-20.0,36
2017-11-16 00:00:00,39.0,-120.0,276.5,0.1067,0.00333,14.5,-20.0,36
2017-11-16 00:00:00,39.0,-119.375,280.0,0.06647,1.2e-06,15.625,-20.0,36
2017-11-16 00:00:00,39.0,-118.75,282.0,0.0411,0.0,11.19,-20.0,36
2017-11-16 00:00:00,39.0,-118.125,281.8,0.04395,1e-06,10.75,-20.0,36
2017-11-16 00:00:00,39.0,-117.5,280.0,0.07043,4.35e-06,11.48,-20.0,36
2017-11-16 00:00:00,39.0,-116.875,278.0,0.05487,2.86e-06,11.266,-20.0,36
2017-11-16 00:00:00,39.0,-116.25,277.0,0.0675,0.0,10.61,-20.0,36
2017-11-16 00:00:00,39.0,-115.625,276.8,0.0585,0.0,10.49,-20.0,36
2017-11-16 00:00:00,39.0,-115.0,276.0,0.0825,0.0,9.35,-20.0,36
2017-11-16 00:00:00,39.0,-114.375,275.8,0.07886,0.0,9.37,-20.0,36
2017-11-16 00:00:00,39.0,-113.75,278.0,0.05084,0.0,10.36,-20.0,36
2017-11-16 00:00:00,39.5,-123.75,285.0,0.0,0.00545,12.61,-20.0,36
2017-11-16 00:00:00,39.5,-123.125,280.2,0.0,0.006584,7.41,-20.0,36
2017-11-16 00:00:00,39.5,-122.5,282.5,0.07776,0.002182,9.42,-20.0,36
2017-11-16 00:00:00,39.5,-121.875,285.5,0.0636,0.009964,12.83,-20.0,36
2017-11-16 00:00:00,39.5,-121.25,282.5,0.1726,0.02698,12.96,-20.0,36
2017-11-16 00:00:00,39.5,-120.625,277.5,0.156,0.01665,12.77,-20.0,36
2017-11-16 00:00:00,39.5,-120.0,277.0,0.1035,0.002146,15.13,-20.0,36
2017-11-16 00:00:00,39.5,-119.375,280.8,0.0538,2.897e-05,15.01,-20.0,36
2017-11-16 00:00:00,39.5,-118.75,283.5,0.06036,3.6e-06,11.67,-20.0,36
2017-11-16 00:00:00,39.5,-118.125,283.5,0.0532,7.5e-06,11.57,-20.0,36
2017-11-16 00:00:00,39.5,-117.5,281.0,0.07007,1.26e-05,12.016,-20.0,36
2017-11-16 00:00:00,39.5,-116.875,280.0,0.05753,3.6e-07,12.055,-20.0,36
2017-11-16 00:00:00,39.5,-116.25,279.0,0.05914,2.4e-07,11.27,-20.0,36
2017-11-16 00:00:00,39.5,-115.625,278.0,0.04407,2e-07,10.71,-20.0,36
2017-11-16 00:00:00,39.5,-115.0,276.8,0.04254,0.0,10.91,-20.0,36
2017-11-16 00:00:00,39.5,-114.375,276.0,0.0,0.0,9.35,-20.0,36
2017-11-16 00:00:00,39.5,-113.75,278.2,0.0,0.0,9.58,-20.0,36
2017-11-16 00:00:00,40.0,-123.75,282.5,0.0,0.007294,12.016,-20.0,36
2017-11-16 00:00:00,40.0,-123.125,278.8,0.0,0.00417,9.516,-20.0,36
2017-11-16 00:00:00,40.0,-122.5,280.5,0.1326,0.000562,9.15,-20.0,36
2017-11-16 00:00:00,40.0,-121.875,283.2,0.14,0.012985,14.945,-20.0,36
2017-11-16 00:00:00,40.0,-121.25,277.5,0.1497,0.02316,11.66,-20.0,36
2017-11-16 00:00:00,40.0,-120.625,276.5,0.1324,0.006866,12.586,-20.0,36
2017-11-16 00:00:00,40.0,-120.0,278.5,0.08606,0.001183,13.305,-20.0,36
2017-11-16 00:00:00,40.0,-119.375,280.0,0.05423,0.0006075,13.16,-20.0,36
2017-11-16 00:00:00,40.0,-118.75,282.5,0.04044,0.000246,12.02,-20.0,36
2017-11-16 00:00:00,40.0,-118.125,283.8,0.03049,7.55e-05,12.055,-20.0,36
2017-11-16 00:00:00,40.0,-117.5,283.2,0.0,3.5e-06,12.2,-20.0,36
2017-11-16 00:00:00,40.0,-116.875,281.0,0.0,9.5e-07,12.46,-20.0,36
2017-11-16 00:00:00,40.0,-116.25,279.8,0.0,3e-07,11.51,-20.0,36
2017-11-16 00:00:00,40.0,-115.625,278.5,0.0,1.8e-06,10.836,-20.0,36
2017-11-16 00:00:00,40.0,-115.0,277.5,0.0,6e-08,11.43,-20.0,36
2017-11-16 00:00:00,40.0,-114.375,278.5,0.0,0.0,11.5,-20.0,36
2017-11-16 00:00:00,40.0,-113.75,280.0,0.0,0.0,11.11,-20.0,36
2017-11-16 00:00:00,40.5,-123.75,280.2,0.0,0.007614,9.3,-20.0,36
2017-11-16 00:00:00,40.5,-123.125,277.5,0.0,0.004673,8.3,-20.0,36
2017-11-16 00:00:00,40.5,-122.5,279.8,0.0,0.001307,9.55,-20.0,36
2017-11-16 00:00:00,40.5,-121.875,280.5,0.1384,0.00995,14.51,-20.0,36
2017-11-16 00:00:00,40.5,-121.25,274.8,0.1382,0.00959,13.03,-20.0,36
2017-11-16 00:00:00,40.5,-120.625,276.0,0.147,0.002443,12.734,-20.0,36
2017-11-16 00:00:00,40.5,-120.0,278.2,0.0,0.001829,12.53,-20.0,36
2017-11-16 00:00:00,40.5,-119.375,280.2,0.0,0.001402,13.07,-20.0,36
2017-11-16 00:00:00,40.5,-118.75,281.0,0.0,0.001154,12.91,-20.0,36
2017-11-16 00:00:00,40.5,-118.125,281.5,0.0,0.000542,12.95,-20.0,36
2017-11-16 00:00:00,40.5,-117.5,281.0,0.0,0.0001483,12.875,-20.0,36
2017-11-16 00:00:00,40.5,-116.875,281.0,0.0,1.1e-06,12.43,-20.0,36
2017-11-16 00:00:00,40.5,-116.25,279.5,0.0,1.17e-05,11.45,-20.0,36
2017-11-16 00:00:00,40.5,-115.625,278.8,0.0,3.64e-06,11.69,-20.0,36
2017-11-16 00:00:00,40.5,-115.0,278.5,0.0,2e-06,12.0,-20.0,36
2017-11-16 00:00:00,40.5,-114.375,279.0,0.0,6e-08,12.04,-20.0,36
2017-11-16 00:00:00,40.5,-113.75,281.0,0.0,0.0,11.555,-20.0,36
2017-11-16 00:00:00,41.0,-123.75,280.0,0.0,0.00604,8.4,-20.0,36
2017-11-16 00:00:00,41.0,-123.125,275.5,0.0,0.007034,7.586,-20.0,36
2017-11-16 00:00:00,41.0,-122.5,276.0,0.0,0.005966,7.457,-20.0,36
2017-11-16 00:00:00,41.0,-121.875,277.2,0.0,0.006996,11.05,-20.0,36
2017-11-16 00:00:00,41.0,-121.25,277.0,0.0,0.002192,14.75,-20.0,36
2017-11-16 00:00:00,41.0,-120.625,275.5,0.0,0.001929,13.984,-20.0,36
2017-11-16 00:00:00,41.0,-120.0,275.5,0.0,0.002724,14.14,-20.0,36
2017-11-16 00:00:00,41.0,-119.375,278.0,0.0,0.002087,13.42,-20.0,36
2017-11-16 00:00:00,41.0,-118.75,280.8,0.0,0.001254,13.28,-20.0,36
2017-11-16 00:00:00,41.0,-118.125,281.0,0.0,0.001408,12.75,-20.0,36
2017-11-16 00:00:00,41.0,-117.5,280.5,0.0,0.0007415,12.86,-20.0,36
2017-11-16 00:00:00,41.0,-116.875,280.0,0.0,0.000562,12.23,-20.0,36
2017-11-16 00:00:00,41.0,-116.25,278.0,0.0,0.000515,12.25,-20.0,36
2017-11-16 00:00:00,41.0,-115.625,278.0,0.0,2.85e-05,12.71,-20.0,36
2017-11-16 00:00:00,41.0,-115.0,278.0,0.0,1.88e-05,13.055,-20.0,36
2017-11-16 00:00:00,41.0,-114.375,278.5,0.0,9.95e-06,11.016,-20.0,36
2017-11-16 00:00:00,41.0,-113.75,279.2,0.0,0.0,9.4,-20.0,36
2017-11-16 00:00:00,41.5,-123.75,279.5,0.0,0.004078,6.715,-20.0,36
2017-11-16 00:00:00,41.5,-123.125,275.5,0.0,0.003574,7.684,0.2778,36
2017-11-16 00:00:00,41.5,-122.5,274.2,0.0,0.003075,9.17,-20.0,36
2017-11-16 00:00:00,41.5,-121.875,274.0,0.0,0.003704,9.96,-20.0,36
2017-11-16 00:00:00,41.5,-121.25,276.0,0.0,0.00261,12.88,-20.0,36
2017-11-16 00:00:00,41.5,-120.625,276.2,0.0,0.001684,14.79,-20.0,36
2017-11-16 00:00:00,41.5,-120.0,275.5,0.0,0.001219,15.41,-20.0,36
2017-11-16 00:00:00,41.5,-119.375,275.5,0.0,0.00199,15.7,-20.0,36
2017-11-16 00:00:00,41.5,-118.75,277.5,0.0,0.00241,13.57,-20.0,36
2017-11-16 00:00:00,41.5,-118.125,279.5,0.0,0.002684,13.1,-20.0,36
2017-11-16 00:00:00,41.5,-117.5,279.0,0.0,0.002186,12.484,-20.0,36
2017-11-16 00:00:00,41.5,-116.875,278.5,0.0,0.001154,14.195,-20.0,36
2017-11-16 00:00:00,41.5,-116.25,276.8,0.0,0.0005546,14.69,-20.0,36
2017-11-16 00:00:00,41.5,-115.625,276.0,0.0,0.0001392,14.29,-20.0,36
2017-11-16 00:00:00,41.5,-115.0,276.5,0.0,3.016e-05,13.875,-20.0,36
2017-11-16 00:00:00,41.5,-114.375,277.8,0.0,5.925e-05,12.86,-20.0,36
2017-11-16 00:00:00,41.5,-113.75,278.2,0.0,2.605e-05,10.195,-20.0,36
2017-11-16 00:00:00,42.0,-123.75,279.2,0.0,0.00315,7.098,-20.0,36
2017-11-16 00:00:00,42.0,-123.125,276.0,0.0,0.001862,6.527,-20.0,36
2017-11-16 00:00:00,42.0,-122.5,275.0,0.0,0.00264,6.535,-20.0,36
2017-11-16 00:00:00,42.0,-121.875,274.0,0.0,0.003723,9.98,-20.0,36
2017-11-16 00:00:00,42.0,-121.25,275.2,0.0,0.003975,12.74,-20.0,36
2017-11-16 00:00:00,42.0,-120.625,274.8,0.0,0.004974,12.984,-20.0,36
2017-11-16 00:00:00,42.0,-120.0,275.8,0.0,0.001579,15.66,-20.0,36
2017-11-16 00:00:00,42.0,-119.375,275.5,0.0,0.0006404,17.0,-20.0,36
2017-11-16 00:00:00,42.0,-118.75,277.5,0.0,0.000635,16.81,-20.0,36
2017-11-16 00:00:00,42.0,-118.125,277.0,0.0,0.00248,16.45,-20.0,36
2017-11-16 00:00:00,42.0,-117.5,277.5,0.0,0.001684,15.26,-20.0,36
2017-11-16 00:00:00,42.0,-116.875,277.8,0.0,0.0008545,14.25,-20.0,36
2017-11-16 00:00:00,42.0,-116.25,278.0,0.0,0.0002766,16.03,-20.0,36
2017-11-16 00:00:00,42.0,-115.625,277.2,0.0,4.08e-05,15.5,-20.0,36
2017-11-16 00:00:00,42.0,-115.0,276.5,0.0,5.13e-05,13.93,-20.0,36
2017-11-16 00:00:00,42.0,-114.375,277.0,0.0,0.000128,12.69,-20.0,36
2017-11-16 00:00:00,42.0,-113.75,276.5,0.0,0.000232,11.74,-20.0,36
2017-11-16 12:00:00,32.5,-123.75,291.5,0.8,6.354e-05,5.633,-20.0,48
2017-11-16 12:00:00,32.5,-123.125,291.5,0.8,7.933e-05,5.387,-20.0,48
2017-11-16 12:00:00,32.5,-122.5,291.5,0.8,2.027e-05,4.918,-20.0,48
2017-11-16 12:00:00,32.5,-121.875,291.2,0.8,1e-07,4.12,-20.0,48
2017-11-16 12:00:00,32.5,-121.25,291.0,0.8,0.0,3.9,-20.0,48
2017-11-16 12:00:00,32.5,-120.625,290.5,0.8,0.0,4.62,-20.0,48
2017-11-16 12:00:00,32.5,-120.0,290.5,0.8,0.0,5.836,-20.0,48
2017-11-16 12:00:00,32.5,-119.375,290.5,0.8,0.0,6.57,-20.0,48
2017-11-16 12:00:00,32.5,-118.75,291.5,0.8,0.0,6.89,-20.0,48
2017-11-16 12:00:00,32.5,-118.125,292.5,0.8,0.0,6.715,-20.0,48
2017-11-16 12:00:00,32.5,-117.5,294.2,0.1454,0.0,5.6,-20.0,48
2017-11-16 12:00:00,32.5,-116.875,296.8,0.1665,0.0,5.3,0.5,48
2017-11-16 12:00:00,32.5,-116.25,296.5,0.1438,0.0,6.67,-20.0,48
2017-11-16 12:00:00,32.5,-115.625,299.5,0.1782,0.0,3.701,0.5,48
2017-11-16 12:00:00,32.5,-115.0,299.0,0.1648,0.0,3.639,-20.0,48
2017-11-16 12:00:00,32.5,-114.375,298.5,0.1534,0.0,3.115,-20.0,48
2017-11-16 12:00:00,32.5,-113.75,298.5,0.1532,0.0,3.244,-20.0,48
2017-11-16 12:00:00,33.0,-123.75,291.0,0.8,0.0001102,6.49,-20.0,48
2017-11-16 12:00:00,33.0,-123.125,291.0,0.8,0.0001241,6.117,-20.0,48
2017-11-16 12:00:00,33.0,-122.5,291.2,0.8,0.0001069,5.55,-20.0,48
2017-11-16 12:00:00,33.0,-121.875,291.0,0.8,8.94e-06,4.617,-20.0,48
2017-11-16 12:00:00,33.0,-121.25,290.8,0.8,2.4e-07,4.043,-20.0,48
2017-11-16 12:00:00,33.0,-120.625,290.5,0.8,0.0,4.367,-20.0,48
2017-11-16 12:00:00,33.0,-120.0,290.5,0.8,0.0,5.61,-20.0,48
2017-11-16 12:00:00,33.0,-119.375,290.5,0.11865,0.0,6.92,-20.0,48
2017-11-16 12:00:00,33.0,-118.75,291.5,0.11615,0.0,7.3,-20.0,48
2017-11-16 12:00:00,33.0,-118.125,292.5,0.09033,0.0,6.613,-20.0,48
2017-11-16 12:00:00,33.0,-117.5,295.0,0.1914,0.0,5.246,-20.0,48
2017-11-16 12:00:00,33.0,-116.875,296.2,0.197,0.0,6.242,-20.0,48
2017-11-16 12:00:00,33.0,-116.25,297.8,0.1418,0.0,6.043,-20.0,48
2017-11-16 12:00:00,33.0,-115.625,298.0,0.2356,0.0,3.27,-20.0,48
2017-11-16 12:00:00,33.0,-115.0,297.0,0.0807,0.0,4.055,-20.0,48
2017-11-16 12:00:00,33.0,-114.375,297.8,0.095,0.0,4.047,-20.0,48
2017-11-16 12:00:00,33.0,-113.75,297.0,0.0983,0.0,3.986,-20.0,48
2017-11-16 12:00:00,33.5,-123.75,290.8,0.8,9.376e-05,7.426,-20.0,48
2017-11-16 12:00:00,33.5,-123.125,290.5,0.8,0.0001595,6.94,-20.0,48
2017-11-16 12:00:00,33.5,-122.5,290.8,0.8,0.0001633,6.273,-20.0,48
2017-11-16 12:00:00,33.5,-121.875,291.0,0.8,6.586e-05,5.34,-20.0,48
2017-11-16 12:00:00,33.5,-121.25,290.5,0.8,5.3e-06,4.29,-20.0,48
2017-11-16 12:00:00,33.5,-120.625,290.0,0.8,1.13e-06,4.477,-20.0,48
2017-11-16 12:00:00,33.5,-120.0,290.0,0.8,1e-07,6.066,-20.0,48
2017-11-16 12:00:00,33.5,-119.375,291.0,0.05286,0.0,7.43,-20.0,48
2017-11-16 12:00:00,33.5,-118.75,292.0,0.1423,0.0,7.438,-20.0,48
2017-11-16 12:00:00,33.5,-118.125,293.5,0.17,0.0,5.66,-20.0,48
2017-11-16 12:00:00,33.5,-117.5,295.0,0.1815,0.0,4.402,-20.0,48
2017-11-16 12:00:00,33.5,-116.875,293.5,0.1923,0.0,5.855,-20.0,48
2017-11-16 12:00:00,33.5,-116.25,296.5,0.1343,0.0,4.887,-20.0,48
2017-11-16 12:00:00,33.5,-115.625,295.5,0.0747,0.0,2.922,-20.0,48
2017-11-16 12:00:00,33.5,-115.0,295.5,0.0858,0.0,3.414,0.5,48
2017-11-16 12:00:00,33.5,-114.375,296.0,0.1191,0.0,4.73,-20.0,48
2017-11-16 12:00:00,33.5,-113.75,294.5,0.1036,0.0,6.17,-20.0,48
2017-11-16 12:00:00,34.0,-123.75,290.5,0.8,4.95e-05,8.25,-20.0,48
2017-11-16 12:00:00,34.0,-123.125,290.5,0.8,0.0001271,7.766,-20.0,48
2017-11-16 12:00:00,34.0,-122.5,290.5,0.8,0.00028,7.01,-20.0,48
2017-11-16 12:00:00,34.0,-121.875,290.5,0.8,0.0002828,5.832,-20.0,48
2017-11-16 12:00:00,34.0,-121.25,290.2,0.8,4.447e-05,4.66,-20.0,48
2017-11-16 12:00:00,34.0,-120.625,289.8,0.8,9.06e-06,4.562,-20.0,48
2017-11-16 12:00:00,34.0,-120.0,290.0,0.1361,2.7e-06,5.785,-20.0,48
2017-11-16 12:00:00,34.0,-119.375,291.8,0.1846,0.0,6.543,-20.0,48
2017-11-16 12:00:00,34.0,-118.75,293.0,0.1989,0.0,5.92,-20.0,48
2017-11-16 12:00:00,34.0,-118.125,293.5,0.1794,0.0,5.285,-20.0,48
2017-11-16 12:00:00,34.0,-117.5,293.5,0.1792,0.0,5.465,-20.0,48
2017-11-16 12:00:00,34.0,-116.875,291.5,0.1909,2.4e-07,6.96,-20.0,48
2017-11-16 12:00:00,34.0,-116.25,292.8,0.1019,2.4e-07,6.273,-20.0,48
2017-11-16 12:00:00,34.0,-115.625,294.8,0.0752,0.0,3.902,-20.0,48
2017-11-16 12:00:00,34.0,-115.0,294.8,0.07605,0.0,3.188,-20.0,48
2017-11-16 12:00:00,34.0,-114.375,295.0,0.1242,0.0,4.09,-20.0,48
2017-11-16 12:00:00,34.0,-113.75,294.5,0.0925,0.0,5.492,-20.0,48
2017-11-16 12:00:00,34.5,-123.75,290.5,0.8,8.44e-05,9.35,-20.0,48
2017-11-16 12:00:00,34.5,-123.125,290.2,0.8,5.42e-05,8.734,-20.0,48
2017-11-16 12:00:00,34.5,-122.5,290.2,0.8,0.0001935,7.75,-20.0,48
2017-11-16 12:00:00,34.5,-121.875,290.0,0.8,0.000489,6.766,-20.0,48
2017-11-16 12:00:00,34.5,-121.25,290.0,0.8,0.0003622,5.42,-20.0,48
2017-11-16 12:00:00,34.5,-120.625,290.0,0.8,9.87e-05,4.547,-20.0,48
2017-11-16 12:00:00,34.5,-120.0,290.0,0.199,1.01e-05,5.05,-20.0,48
2017-11-16 12:00:00,34.5,-119.375,290.5,0.213,0.0,5.09,-20.0,48
2017-11-16 12:00:00,34.5,-118.75,291.0,0.1832,0.0,6.375,-20.0,48
2017-11-16 12:00:00,34.5,-118.125,291.0,0.1575,0.0,7.684,-20.0,48
2017-11-16 12:00:00,34.5,-117.5,290.2,0.1309,0.0,8.5,-20.0,48
2017-11-16 12:00:00,34.5,-116.875,290.0,0.1061,1e-07,9.37,-20.0,48
2017-11-16 12:00:00,34.5,-116.25,293.0,0.07355,1e-07,7.86,-20.0,48
2017-11-16 12:00:00,34.5,-115.625,294.5,0.07043,8.46e-06,4.832,-20.0,48
2017-11-16 12:00:00,34.5,-115.0,293.8,0.0811,1.22e-05,5.58,-20.0,48
2017-11-16 12:00:00,34.5,-114.375,293.8,0.07294,2.223e-05,4.793,-20.0,48
2017-11-16 12:00:00,34.5,-113.75,293.2,0.0955,3.64e-05,4.758,-20.0,48
2017-11-16 12:00:00,35.0,-123.75,290.0,0.8,9.966e-05,10.22,-20.0,48
2017-11-16 12:00:00,35.0,-123.125,290.0,0.8,0.00010854,9.266,-20.0,48
2017-11-16 12:00:00,35.0,-122.5,290.0,0.8,6.145e-05,8.42,-20.0,48
2017-11-16 12:00:00,35.0,-121.875,289.5,0.8,9.805e-05,7.715,-20.0,48
2017-11-16 12:00:00,35.0,-121.25,289.5,0.8,0.00039,6.906,-20.0,48
2017-11-16 12:00:00,35.0,-120.625,289.0,0.8,0.0003011,6.35,-20.0,48
2017-11-16 12:00:00,35.0,-120.0,288.8,0.1619,4.63e-05,7.293,-20.0,48
2017-11-16 12:00:00,35.0,-119.375,290.8,0.1604,1e-06,7.2,-20.0,48
2017-11-16 12:00:00,35.0,-118.75,291.0,0.1869,0.0,6.867,0.6665,48
2017-11-16 12:00:00,35.0,-118.125,290.0,0.1232,0.0,10.08,-20.0,48
2017-11-16 12:00:00,35.0,-117.5,291.0,0.1045,0.0,11.22,-20.0,48
2017-11-16 12:00:00,35.0,-116.875,292.0,0.09314,0.0,11.39,-20.0,48
2017-11-16 12:00:00,35.0,-116.25,293.5,0.0696,0.0,8.734,-20.0,48
2017-11-16 12:00:00,35.0,-115.625,290.8,0.0958,1.13e-06,7.44,-20.0,48
2017-11-16 12:00:00,35.0,-115.0,291.5,0.0945,4.65e-06,9.53,-20.0,48
2017-11-16 12:00:00,35.0,-114.375,292.5,0.09607,6.76e-05,7.28,-20.0,48
2017-11-16 12:00:00,35.0,-113.75,289.5,0.1152,0.0001738,7.395,-20.0,48
2017-11-16 12:00:00,35.5,-123.75,290.0,0.8,0.0002282,10.22,-20.0,48
2017-11-16 12:00:00,35.5,-123.125,290.0,0.8,0.0001776,9.85,-20.0,48
2017-11-16 12:00:00,35.5,-122.5,289.8,0.8,0.0001532,8.94,-20.0,48
2017-11-16 12:00:00,35.5,-121.875,289.5,0.8,0.000154,8.15,-20.0,48
2017-11-16 12:00:00,35.5,-121.25,289.0,0.2131,0.0002104,7.46,-20.0,48
2017-11-16 12:00:00,35.5,-120.625,288.5,0.1865,0.0001729,8.12,-20.0,48
2017-11-16 12:00:00,35.5,-120.0,289.8,0.1582,5.406e-05,9.31,-20.0,48
2017-11-16 12:00:00,35.5,-119.375,294.2,0.2026,2.08e-05,6.613,0.6665,48
2017-11-16 12:00:00,35.5,-118.75,291.5,0.1754,5.9e-06,6.74,-20.0,48
2017-11-16 12:00:00,35.5,-118.125,287.0,0.1392,0.0,11.85,-20.0,48
2017-11-16 12:00:00,35.5,-117.5,291.0,0.0899,0.0,12.76,-20.0,48
2017-11-16 12:00:00,35.5,-116.875,291.5,0.07324,0.0,13.0,-20.0,48
2017-11-16 12:00:00,35.5,-116.25,292.5,0.06946,0.0,11.06,-20.0,48
2017-11-16 12:00:00,35.5,-115.625,290.0,0.1019,0.0,11.89,-20.0,48
2017-11-16 12:00:00,35.5,-115.0,290.2,0.0926,6e-08,12.43,-20.0,48
2017-11-16 12:00:00,35.5,-114.375,291.5,0.0907,2.9e-05,10.234,-20.0,48
2017-11-16 12:00:00,35.5,-113.75,288.5,0.1148,0.0001365,9.66,-20.0,48
2017-11-16 12:00:00,36.0,-123.75,289.5,0.8,0.0007577,9.484,-20.0,48
2017-11-16 12:00:00,36.0,-123.125,290.0,0.8,0.0005703,10.36,-20.0,48
2017-11-16 12:00:00,36.0,-122.5,289.2,0.8,0.0004883,10.03,-20.0,48
2017-11-16 12:00:00,36.0,-121.875,288.8,0.1636,0.0008826,8.26,-20.0,48
2017-11-16 12:00:00,36.0,-121.25,288.0,0.2162,0.000635,8.28,-20.0,48
2017-11-16 12:00:00,36.0,-120.625,288.5,0.148,0.000194,9.305,-20.0,48
2017-11-16 12:00:00,36.0,-120.0,290.8,0.1586,5.62e-05,8.69,-20.0,48
2017-11-16 12:00:00,36.0,-119.375,293.5,0.202,9.716e-05,5.44,1.333,48
2017-11-16 12:00:00,36.0,-118.75,287.5,0.1823,0.000149,5.19,-20.0,48
2017-11-16 12:00:00,36.0,-118.125,282.0,0.1515,1.62e-05,13.67,-20.0,48
2017-11-16 12:00:00,36.0,-117.5,288.5,0.08356,0.0,13.164,-20.0,48
2017-11-16 12:00:00,36.0,-116.875,291.8,0.06696,0.0,12.78,-20.0,48
2017-11-16 12:00:00,36.0,-116.25,292.0,0.07385,0.0,12.336,-20.0,48
2017-11-16 12:00:00,36.0,-115.625,289.0,0.1074,0.0,14.086,-20.0,48
2017-11-16 12:00:00,36.0,-115.0,293.0,0.0889,0.0,13.94,-20.0,48
2017-11-16 12:00:00,36.0,-114.375,292.5,0.08344,1.1e-06,11.72,-20.0,48
2017-11-16 12:00:00,36.0,-113.75,289.0,0.1244,1.043e-05,11.14,-20.0,48
2017-11-16 12:00:00,36.5,-123.75,288.5,0.8,0.002274,7.06,-20.0,48
2017-11-16 12:00:00,36.5,-123.125,289.0,0.8,0.00215,9.83,-20.0,48
2017-11-16 12:00:00,36.5,-122.5,289.0,0.8,0.00179,11.2,-20.0,48
2017-11-16 12:00:00,36.5,-121.875,288.5,0.1852,0.001585,9.53,-20.0,48
2017-11-16 12:00:00,36.5,-121.25,288.0,0.18,0.000664,9.555,-20.0,48
2017-11-16 12:00:00,36.5,-120.625,288.8,0.1635,0.0003011,9.29,-20.0,48
2017-11-16 12:00:00,36.5,-120.0,291.0,0.1923,0.0003915,6.953,1.333,48
2017-11-16 12:00:00,36.5,-119.375,292.0,0.2268,0.000251,7.992,0.6665,48
2017-11-16 12:00:00,36.5,-118.75,280.5,0.2261,0.002535,6.63,-20.0,48
2017-11-16 12:00:00,36.5,-118.125,279.8,0.1396,0.0001901,15.445,-20.0,48
2017-11-16 12:00:00,36.5,-117.5,289.2,0.067,0.0,10.65,-20.0,48
2017-11-16 12:00:00,36.5,-116.875,291.5,0.05078,0.0,11.06,-20.0,48
2017-11-16 12:00:00,36.5,-116.25,290.8,0.0422,0.0,13.78,-20.0,48
2017-11-16 12:00:00,36.5,-115.625,287.2,0.0955,0.0,15.55,-20.0,48
2017-11-16 12:00:00,36.5,-115.0,290.0,0.09717,0.0,13.766,-20.0,48
2017-11-16 12:00:00,36.5,-114.375,292.5,0.09546,0.0,13.99,-20.0,48
2017-11-16 12:00:00,36.5,-113.75,288.8,0.0657,0.0,14.195,-20.0,48
2017-11-16 12:00:00,37.0,-123.75,287.5,0.8,0.002285,4.793,-20.0,48
2017-11-16 12:00:00,37.0,-123.125,287.8,0.8,0.0042,6.812,-20.0,48
2017-11-16 12:00:00,37.0,-122.5,288.5,0.1799,0.00652,9.945,-20.0,48
2017-11-16 12:00:00,37.0,-121.875,288.2,0.2025,0.005287,8.055,-20.0,48
2017-11-16 12:00:00,37.0,-121.25,288.5,0.1505,0.001807,9.445,-20.0,48
2017-11-16 12:00:00,37.0,-120.625,290.0,0.1664,0.0016575,8.055,-20.0,48
2017-11-16 12:00:00,37.0,-120.0,289.2,0.107,0.002214,6.78,-20.0,48
2017-11-16 12:00:00,37.0,-119.375,284.2,0.1087,0.00482,7.246,-20.0,48
2017-11-16 12:00:00,37.0,-118.75,275.0,0.0975,0.00638,12.25,-20.0,48
2017-11-16 12:00:00,37.0,-118.125,280.5,0.0552,1.5e-06,14.766,-20.0,48
2017-11-16 12:00:00,37.0,-117.5,287.2,0.0335,0.0,8.62,-20.0,48
2017-11-16 12:00:00,37.0,-116.875,287.0,0.04205,0.0,10.42,-20.0,48
2017-11-16 12:00:00,37.0,-116.25,286.8,0.05273,0.0,13.85,-20.0,48
2017-11-16 12:00:00,37.0,-115.625,287.8,0.0447,0.0,15.016,-20.0,48
2017-11-16 12:00:00,37.0,-115.0,288.5,0.04764,0.0,12.8,-20.0,48
2017-11-16 12:00:00,37.0,-114.375,290.0,0.05585,0.0,13.41,-20.0,48
2017-11-16 12:00:00,37.0,-113.75,289.8,0.05634,0.0,14.21,-20.0,48
2017-11-16 12:00:00,37.5,-123.75,286.8,0.8,0.001102,4.14,-20.0,48
2017-11-16 12:00:00,37.5,-123.125,286.8,0.8,0.002722,5.0,-20.0,48
2017-11-16 12:00:00,37.5,-122.5,287.2,0.1376,0.00569,5.742,-20.0,48
2017-11-16 12:00:00,37.5,-121.875,287.5,0.11053,0.006252,7.27,-20.0,48
2017-11-16 12:00:00,37.5,-121.25,288.2,0.0868,0.00496,7.586,-20.0,48
2017-11-16 12:00:00,37.5,-120.625,288.5,0.1034,0.00839,8.89,-20.0,48
2017-11-16 12:00:00,37.5,-120.0,283.5,0.09283,0.012405,8.625,-20.0,48
2017-11-16 12:00:00,37.5,-119.375,276.2,0.1189,0.01449,9.72,-20.0,48
2017-11-16 12:00:00,37.5,-118.75,275.0,0.0814,0.002672,16.12,-20.0,48
2017-11-16 12:00:00,37.5,-118.125,282.0,0.05725,0.0,13.3,-20.0,48
2017-11-16 12:00:00,37.5,-117.5,284.8,0.04636,0.0,10.85,-20.0,48
2017-11-16 12:00:00,37.5,-116.875,284.8,0.03943,0.0,11.82,-20.0,48
2017-11-16 12:00:00,37.5,-116.25,283.8,0.05,0.0,13.04,-20.0,48
2017-11-16 12:00:00,37.5,-115.625,284.5,0.0557,0.0,13.48,-20.0,48
2017-11-16 12:00:00,37.5,-115.0,285.5,0.0542,0.0,13.67,-20.0,48
2017-11-16 12:00:00,37.5,-114.375,284.5,0.0814,0.0,14.125,-20.0,48
2017-11-16 12:00:00,37.5,-113.75,283.5,0.0864,0.0,15.016,-20.0,48
2017-11-16 12:00:00,38.0,-123.75,286.0,0.8,0.0007563,4.543,-20.0,48
2017-11-16 12:00:00,38.0,-123.125,286.0,0.0,0.001315,4.527,-20.0,48
2017-11-16 12:00:00,38.0,-122.5,286.0,0.0967,0.00246,4.83,-20.0,48
2017-11-16 12:00:00,38.0,-121.875,286.8,0.08527,0.00419,5.293,-20.0,48
2017-11-16 12:00:00,38.0,-121.25,288.0,0.0924,0.010994,7.36,-20.0,48
2017-11-16 12:00:00,38.0,-120.625,285.2,0.0945,0.02011,9.83,-20.0,48
2017-11-16 12:00:00,38.0,-120.0,277.5,0.1207,0.02238,10.18,-20.0,48
2017-11-16 12:00:00,38.0,-119.375,273.8,0.0791,0.00731,13.72,-20.0,48
2017-11-16 12:00:00,38.0,-118.75,278.5,0.06573,0.0,16.55,-20.0,48
2017-11-16 12:00:00,38.0,-118.125,283.0,0.04053,0.0,11.695,-20.0,48
2017-11-16 12:00:00,38.0,-117.5,285.0,0.03436,0.0,10.625,-20.0,48
2017-11-16 12:00:00,38.0,-116.875,283.5,0.0444,2e-07,11.695,-20.0,48
2017-11-16 12:00:00,38.0,-116.25,283.5,0.05243,0.0,13.07,-20.0,48
2017-11-16 12:00:00,38.0,-115.625,282.5,0.05508,0.0,12.63,-20.0,48
2017-11-16 12:00:00,38.0,-115.0,284.0,0.05276,0.0,13.58,-20.0,48
2017-11-16 12:00:00,38.0,-114.375,283.5,0.07214,0.0,15.52,-20.0,48
2017-11-16 12:00:00,38.0,-113.75,283.5,0.0831,0.0,17.47,-20.0,48
2017-11-16 12:00:00,38.5,-123.75,285.5,0.0,0.0007854,5.02,-20.0,48
2017-11-16 12:00:00,38.5,-123.125,284.5,0.1356,0.00076,4.965,-20.0,48
2017-11-16 12:00:00,38.5,-122.5,284.5,0.114,0.0008874,6.555,-20.0,48
2017-11-16 12:00:00,38.5,-121.875,286.2,0.0962,0.002363,5.79,-20.0,48
2017-11-16 12:00:00,38.5,-121.25,286.5,0.09827,0.011475,6.453,-20.0,48
2017-11-16 12:00:00,38.5,-120.625,281.5,0.138,0.02231,9.95,-20.0,48
2017-11-16 12:00:00,38.5,-120.0,275.5,0.11957,0.01619,12.055,-20.0,48
2017-11-16 12:00:00,38.5,-119.375,277.5,0.07574,0.002144,15.86,-20.0,48
2017-11-16 12:00:00,38.5,-118.75,283.0,0.05402,2.7e-06,14.9,-20.0,48
2017-11-16 12:00:00,38.5,-118.125,284.0,0.03836,8.094e-05,10.234,-20.0,48
2017-11-16 12:00:00,38.5,-117.5,283.2,0.04425,0.0001206,10.38,-20.0,48
2017-11-16 12:00:00,38.5,-116.875,281.5,0.06506,1.985e-05,11.86,-20.0,48
2017-11-16 12:00:00,38.5,-116.25,282.2,0.05133,6e-07,12.8,-20.0,48
2017-11-16 12:00:00,38.5,-115.625,283.2,0.05807,0.0,12.52,-20.0,48
2017-11-16 12:00:00,38.5,-115.0,282.2,0.0637,2.4e-07,12.805,-20.0,48
2017-11-16 12:00:00,38.5,-114.375,282.0,0.0687,6e-08,15.41,-20.0,48
2017-11-16 12:00:00,38.5,-113.75,283.0,0.0631,0.0,16.81,-20.0,48
2017-11-16 12:00:00,39.0,-123.75,285.0,0.0,0.00075,5.375,-20.0,48
2017-11-16 12:00:00,39.0,-123.125,282.2,0.0,0.000595,6.484,-20.0,48
2017-11-16 12:00:00,39.0,-122.5,283.8,0.10046,0.0002193,8.29,-20.0,48
2017-11-16 12:00:00,39.0,-121.875,286.0,0.0863,0.001286,5.87,-20.0,48
2017-11-16 12:00:00,39.0,-121.25,284.5,0.1155,0.01019,4.54,-20.0,48
2017-11-16 12:00:00,39.0,-120.625,278.2,0.1393,0.01727,8.65,-20.0,48
2017-11-16 12:00:00,39.0,-120.0,275.5,0.10065,0.006725,12.83,-20.0,48
2017-11-16 12:00:00,39.0,-119.375,281.0,0.0627,0.000402,13.984,-20.0,48
2017-11-16 12:00:00,39.0,-118.75,283.8,0.0388,0.0007753,10.92,-20.0,48
2017-11-16 12:00:00,39.0,-118.125,283.5,0.04144,0.001427,10.4,-20.0,48
2017-11-16 12:00:00,39.0,-117.5,281.2,0.0664,0.001094,10.59,-20.0,48
2017-11-16 12:00:00,39.0,-116.875,280.5,0.05176,0.0001891,12.09,-20.0,48
2017-11-16 12:00:00,39.0,-116.25,280.8,0.0637,1.81e-05,12.66,-20.0,48
2017-11-16 12:00:00,39.0,-115.625,281.0,0.0552,8.3e-07,12.62,-20.0,48
2017-11-16 12:00:00,39.0,-115.0,280.5,0.0778,6e-07,13.32,-20.0,48
2017-11-16 12:00:00,39.0,-114.375,281.2,0.0744,1e-07,14.95,-20.0,48
2017-11-16 12:00:00,39.0,-113.75,284.0,0.04797,0.0,16.48,-20.0,48
2017-11-16 12:00:00,39.5,-123.75,284.2,0.0,0.0006123,5.418,-20.0,48
2017-11-16 12:00:00,39.5,-123.125,279.8,0.0,0.0009427,7.465,-20.0,48
2017-11-16 12:00:00,39.5,-122.5,284.0,0.07336,0.0001543,8.23,-20.0,48
2017-11-16 12:00:00,39.5,-121.875,286.0,0.05997,0.0017395,6.75,-20.0,48
2017-11-16 12:00:00,39.5,-121.25,281.5,0.1628,0.009735,4.76,-20.0,48
2017-11-16 12:00:00,39.5,-120.625,276.0,0.1471,0.01082,7.336,-20.0,48
2017-11-16 12:00:00,39.5,-120.0,276.0,0.09766,0.00253,10.19,-20.0,48
2017-11-16 12:00:00,39.5,-119.375,281.0,0.05075,0.0004163,12.055,-20.0,48
2017-11-16 12:00:00,39.5,-118.75,284.0,0.05695,0.001028,10.74,-20.0,48
2017-11-16 12:00:00,39.5,-118.125,283.0,0.0502,0.002718,10.09,-20.0,48
2017-11-16 12:00:00,39.5,-117.5,280.5,0.06616,0.002256,10.875,-20.0,48
2017-11-16 12:00:00,39.5,-116.875,280.8,0.05426,0.0008326,11.98,-20.0,48
2017-11-16 12:00:00,39.5,-116.25,281.8,0.0558,0.000359,12.6,-20.0,48
2017-11-16 12:00:00,39.5,-115.625,281.8,0.04156,0.0001526,12.08,-20.0,48
2017-11-16 12:00:00,39.5,-115.0,280.8,0.0401,2.55e-05,13.4,-20.0,48
2017-11-16 12:00:00,39.5,-114.375,281.5,0.0,1e-07,13.97,-20.0,48
2017-11-16 12:00:00,39.5,-113.75,284.2,0.0,0.0,14.35,-20.0,48
2017-11-16 12:00:00,40.0,-123.75,282.0,0.0,0.000874,5.727,-20.0,48
2017-11-16 12:00:00,40.0,-123.125,277.8,0.0,0.00095,7.277,-20.0,48
2017-11-16 12:00:00,40.0,-122.5,283.2,0.125,0.0001507,6.254,-20.0,48
2017-11-16 12:00:00,40.0,-121.875,283.5,0.1321,0.001984,7.895,-20.0,48
2017-11-16 12:00:00,40.0,-121.25,276.5,0.1411,0.007545,5.777,-20.0,48
2017-11-16 12:00:00,40.0,-120.625,275.0,0.12494,0.002281,7.836,-20.0,48
2017-11-16 12:00:00,40.0,-120.0,277.8,0.0812,0.000489,10.125,-20.0,48
2017-11-16 12:00:00,40.0,-119.375,280.5,0.05115,0.0006046,11.336,-20.0,48
2017-11-16 12:00:00,40.0,-118.75,282.8,0.03812,0.001181,11.03,-20.0,48
2017-11-16 12:00:00,40.0,-118.125,283.0,0.02875,0.002083,10.125,-20.0,48
2017-11-16 12:00:00,40.0,-117.5,282.2,0.0,0.001562,10.305,-20.0,48
2017-11-16 12:00:00,40.0,-116.875,281.0,0.0,0.00135,11.22,-20.0,48
2017-11-16 12:00:00,40.0,-116.25,281.0,0.0,0.001134,11.19,-20.0,48
2017-11-16 12:00:00,40.0,-115.625,280.5,0.0,0.001285,10.64,-20.0,48
2017-11-16 12:00:00,40.0,-115.0,280.5,0.0,0.0004897,11.97,-20.0,48
2017-11-16 12:00:00,40.0,-114.375,282.8,0.0,2.22e-05,14.305,-20.0,48
2017-11-16 12:00:00,40.0,-113.75,285.2,0.0,2.4e-07,12.66,-20.0,48
2017-11-16 12:00:00,40.5,-123.75,279.8,0.0,0.00122,5.86,-20.0,48
2017-11-16 12:00:00,40.5,-123.125,277.0,0.0,0.0007615,6.43,-20.0,48
2017-11-16 12:00:00,40.5,-122.5,281.5,0.0,0.0001446,4.797,-20.0,48
2017-11-16 12:00:00,40.5,-121.875,280.0,0.1306,0.0016365,7.56,-20.0,48
2017-11-16 12:00:00,40.5,-121.25,274.5,0.1304,0.00301,7.46,-20.0,48
2017-11-16 12:00:00,40.5,-120.625,276.0,0.1385,0.0004334,9.75,-20.0,48
2017-11-16 12:00:00,40.5,-120.0,278.8,0.0,0.0002348,11.98,-20.0,48
2017-11-16 12:00:00,40.5,-119.375,280.0,0.0,0.000567,11.94,-20.0,48
2017-11-16 12:00:00,40.5,-118.75,280.5,0.0,0.001156,11.75,-20.0,48
2017-11-16 12:00:00,40.5,-118.125,280.5,0.0,0.002169,10.016,-20.0,48
2017-11-16 12:00:00,40.5,-117.5,280.0,0.0,0.001873,10.43,-20.0,48
2017-11-16 12:00:00,40.5,-116.875,281.2,0.0,0.001019,11.19,-20.0,48
2017-11-16 12:00:00,40.5,-116.25,280.8,0.0,0.001598,10.79,-20.0,48
2017-11-16 12:00:00,40.5,-115.625,280.0,0.0,0.001226,10.97,-20.0,48
2017-11-16 12:00:00,40.5,-115.0,280.0,0.0,0.0004172,11.25,-20.0,48
2017-11-16 12:00:00,40.5,-114.375,282.5,0.0,0.0001233,12.03,-20.0,48
2017-11-16 12:00:00,40.5,-113.75,285.5,0.0,0.00010353,10.37,-20.0,48
2017-11-16 12:00:00,41.0,-123.75,279.5,0.0,0.001245,5.117,-20.0,48
2017-11-16 12:00:00,41.0,-123.125,275.5,0.0,0.001196,6.0,-20.0,48
2017-11-16 12:00:00,41.0,-122.5,276.5,0.0,0.000531,5.152,-20.0,48
2017-11-16 12:00:00,41.0,-121.875,277.2,0.0,0.001584,7.56,-20.0,48
2017-11-16 12:00:00,41.0,-121.25,276.5,0.0,0.0009336,10.54,-20.0,48
2017-11-16 12:00:00,41.0,-120.625,276.0,0.0,0.000701,11.78,-20.0,48
2017-11-16 12:00:00,41.0,-120.0,276.8,0.0,0.000819,13.1,-20.0,48
2017-11-16 12:00:00,41.0,-119.375,278.5,0.0,0.000346,13.055,-20.0,48
2017-11-16 12:00:00,41.0,-118.75,280.5,0.0,0.0005007,12.1,-20.0,48
2017-11-16 12:00:00,41.0,-118.125,280.5,0.0,0.001154,10.8,-20.0,48
2017-11-16 12:00:00,41.0,-117.5,280.0,0.0,0.00144,10.31,-20.0,48
2017-11-16 12:00:00,41.0,-116.875,280.2,0.0,0.002132,10.945,-20.0,48
2017-11-16 12:00:00,41.0,-116.25,278.5,0.0,0.002552,11.49,-20.0,48
2017-11-16 12:00:00,41.0,-115.625,279.0,0.0,0.000998,11.836,-20.0,48
2017-11-16 12:00:00,41.0,-115.0,279.5,0.0,0.0004325,12.6,-20.0,48
2017-11-16 12:00:00,41.0,-114.375,281.5,0.0,8.845e-05,11.82,-20.0,48
2017-11-16 12:00:00,41.0,-113.75,283.5,0.0,0.0002632,8.61,-20.0,48
2017-11-16 12:00:00,41.5,-123.75,279.0,0.0,0.001714,5.113,-20.0,48
2017-11-16 12:00:00,41.5,-123.125,275.5,0.0,0.001097,6.29,0.5,48
2017-11-16 12:00:00,41.5,-122.5,274.8,0.0,0.000439,7.08,-20.0,48
2017-11-16 12:00:00,41.5,-121.875,274.5,0.0,0.0006876,8.34,-20.0,48
2017-11-16 12:00:00,41.5,-121.25,275.5,0.0,0.0007,10.85,-20.0,48
2017-11-16 12:00:00,41.5,-120.625,276.0,0.0,0.0006256,12.766,-20.0,48
2017-11-16 12:00:00,41.5,-120.0,276.0,0.0,0.000576,13.21,-20.0,48
2017-11-16 12:00:00,41.5,-119.375,276.8,0.0,0.0007515,13.9,-20.0,48
2017-11-16 12:00:00,41.5,-118.75,278.8,0.0,0.000516,11.19,-20.0,48
2017-11-16 12:00:00,41.5,-118.125,279.5,0.0,0.001211,10.38,-20.0,48
2017-11-16 12:00:00,41.5,-117.5,279.0,0.0,0.001915,10.46,-20.0,48
2017-11-16 12:00:00,41.5,-116.875,278.2,0.0,0.001999,12.12,-20.0,48
2017-11-16 12:00:00,41.5,-116.25,277.0,0.0,0.001715,13.37,-20.0,48
2017-11-16 12:00:00,41.5,-115.625,277.0,0.0,0.000682,13.45,-20.0,48
2017-11-16 12:00:00,41.5,-115.0,278.5,0.0,0.0001905,13.555,-20.0,48
2017-11-16 12:00:00,41.5,-114.375,280.2,0.0,0.000135,12.984,-20.0,48
2017-11-16 12:00:00,41.5,-113.75,282.0,0.0,0.0004146,10.4,-20.0,48
2017-11-16 12:00:00,42.0,-123.75,278.5,0.0,0.002357,5.547,-20.0,48
2017-11-16 12:00:00,42.0,-123.125,276.0,0.0,0.001192,5.785,-20.0,48
2017-11-16 12:00:00,42.0,-122.5,275.0,0.0,0.000636,5.902,-20.0,48
2017-11-16 12:00:00,42.0,-121.875,275.0,0.0,0.000542,8.92,-20.0,48
2017-11-16 12:00:00,42.0,-121.25,275.5,0.0,0.0004427,9.84,-20.0,48
2017-11-16 12:00:00,42.0,-120.625,274.8,0.0,0.0007424,11.29,-20.0,48
2017-11-16 12:00:00,42.0,-120.0,275.2,0.0,0.0004497,12.85,-20.0,48
2017-11-16 12:00:00,42.0,-119.375,275.8,0.0,0.0002728,14.945,-20.0,48
2017-11-16 12:00:00,42.0,-118.75,278.2,0.0,0.0002856,12.14,-20.0,48
2017-11-16 12:00:00,42.0,-118.125,277.5,0.0,0.001551,10.74,-20.0,48
2017-11-16 12:00:00,42.0,-117.5,278.0,0.0,0.001127,11.125,-20.0,48
2017-11-16 12:00:00,42.0,-116.875,278.2,0.0,0.000994,12.11,-20.0,48
2017-11-16 12:00:00,42.0,-116.25,278.0,0.0,0.001242,14.695,-20.0,48
2017-11-16 12:00:00,42.0,-115.625,278.5,0.0,0.0002697,14.77,-20.0,48
2017-11-16 12:00:00,42.0,-115.0,278.5,0.0,0.0001891,13.64,-20.0,48
2017-11-16 12:00:00,42.0,-114.375,279.8,0.0,0.0003026,12.65,-20.0,48
2017-11-16 12:00:00,42.0,-113.75,280.0,0.0,0.000846,11.87,-20.0,48
